,city,high.school,bachelor,unemployment,income,Average Income,population,pop.white,% White,pop.black,% Black,pop.indian,% Indian,pop.asian,% Asian,pop.hawai,% Hawai,pop.other,% Other Racial Groups,pop.multi,% Multi-racial Group,income_per_capita,prop_white,prop_black,total.sale,total.volume,price,Sales Per Person
1,Cedar Falls,95.6,43.4,4.7,22434,0.54947585,40828,37938,92.92152444,939,2.299892231,120,0.29391594,1192,2.919565004,45,0.110218478,158,0.386989321,436,1.067894582,0.54947585,92.92152444,2.299892231,4943947,339266,14.57248,121.0920692
2,Gowrie,91.1,21.6,8.2,30643,29.26743075,1047,977,93.31423114,3,0.286532951,0,0,6,0.573065903,0,0,0,0,61,5.82617001,29.26743075,93.31423114,0.286532951,86254,6546,13.17659639,82.38204394
3,Waterloo,87.5,22,8.3,29201,0.427183756,68357,52104,76.22335679,10744,15.71748321,270,0.394985151,1346,1.969074126,254,0.371578624,1670,2.443056307,1969,2.88046579,0.427183756,76.22335679,15.71748321,9631196,627241,15.35485722,140.8955337
4,West Union,92.5,26,6.2,26134,10.08256173,2592,2413,93.0941358,116,4.475308642,20,0.771604938,37,1.427469136,0,0,0,0,6,0.231481481,10.08256173,93.0941358,4.475308642,267066,22291,11.98088915,103.0347222
5,Rockwell,92.5,11.8,3.1,33281,30.25545455,1100,1062,96.54545455,32,2.909090909,0,0,0,0,0,0,0,0,6,0.545454545,30.25545455,96.54545455,2.909090909,91209,7519,12.13046948,82.91727273
6,Fort Atkinson,87.7,13.3,4.3,32031,123.6718147,259,252,97.2972973,0,0,0,0,0,0,0,0,0,0,7,2.702702703,123.6718147,97.2972973,0,87999,7136,12.33169843,339.7644788
7,Waukon,85.1,17.6,5.9,25617,6.766244057,3786,3670,96.9360803,0,0,0,0,0,0,0,0,20,0.528262018,96,2.535657686,6.766244057,96.9360803,0,642261,49512,12.97182501,169.641046
8,Des Moines,87.2,25.2,7.1,28776,0.135188082,212859,164184,77.13274985,23469,11.0256085,993,0.466505997,11722,5.506931819,183,0.085972404,5109,2.400180401,7199,3.382051029,0.135188082,77.13274985,11.0256085,38071367,2390490,15.92617706,178.8572106
9,Keokuk,89.4,15.1,10.3,24935,2.346161084,10628,9333,87.81520512,528,4.968009033,43,0.404591645,82,0.771546857,0,0,122,1.147911178,520,4.892736169,2.346161084,87.81520512,4.968009033,1981922,135475,14.62942978,186.4811818
10,Sac City,92.7,18.9,5.4,26389,12.07734554,2185,2111,96.61327231,6,0.274599542,0,0,0,0,0,0,2,0.091533181,66,3.020594966,12.07734554,96.61327231,0.274599542,305805,25410,12.03482881,139.9565217
11,Clarinda,88.8,23.5,5.2,25348,4.667280427,5431,4978,91.65899466,306,5.634321488,19,0.349843491,29,0.533971644,0,0,34,0.626035721,65,1.196832996,4.667280427,91.65899466,5.634321488,401558,28210,14.23459766,73.93813294
12,Winterset,91.5,16.3,7.6,31022,6.014346646,5158,4979,96.52966266,1,0.019387359,0,0,146,2.830554478,0,0,26,0.504071345,6,0.116324157,6.014346646,96.52966266,0.019387359,576401,43114,13.36923041,111.7489337
13,Spirit Lake,95.5,29.2,2.9,31108,6.231570513,4992,4831,96.77483974,14,0.280448718,16,0.320512821,22,0.440705128,0,0,12,0.240384615,97,1.943108974,6.231570513,96.77483974,0.280448718,2139653,160604,13.32253867,428.6163862
14,Altoona,94.5,31.2,4.7,40522,2.427630002,16692,16026,96.0100647,122,0.730889049,13,0.07788162,189,1.132278936,0,0,7,0.041936257,335,2.006949437,2.427630002,96.0100647,0.730889049,2212755,152679,14.49285756,132.563803
15,Perry,77.8,13.3,2.4,25372,3.221432199,7876,6839,86.83341798,171,2.171152869,9,0.114271204,104,1.320467242,0,0,558,7.084814627,195,2.475876079,3.221432199,86.83341798,2.171152869,528510,42986,12.29493323,67.10385983
16,Iowa City,94.9,59.9,4.4,18553,0.256310009,72385,57006,78.75388547,5108,7.056710644,176,0.243144298,5906,8.159148995,151,0.208606756,2160,2.984043655,1878,2.594460178,0.256310009,78.75388547,7.056710644,9532087,624686,15.25900532,131.6859432
17,Storm Lake,65.6,15.4,5.8,21889,2.032782318,10768,7195,66.81835067,544,5.052005944,0,0,1638,15.21173848,223,2.070950966,962,8.933878158,206,1.91307578,2.032782318,66.81835067,5.052005944,1595214,113863,14.00994177,148.143945
18,Corning,88.2,19,3.2,30058,18.8097622,1598,1559,97.55944931,5,0.312891114,0,0,12,0.750938673,0,0,3,0.187734668,19,1.188986233,18.8097622,97.55944931,0.312891114,179649,13276,13.53186201,112.4211514
19,Cresco,90.7,15.1,4.3,30165,7.857514978,3839,3730,97.16071894,18,0.468872102,0,0,0,0,0,0,2,0.0520969,89,2.31831206,7.857514978,97.16071894,0.468872102,641780,51336,12.50155836,167.1737432
20,Shenandoah,83.3,22.1,2.2,29452,5.85526839,5030,4694,93.32007952,73,1.451292247,17,0.337972167,141,2.803180915,0,0,10,0.198807157,95,1.888667992,5.85526839,93.32007952,1.451292247,743835,51850,14.34590164,147.8797217
21,Dubuque,91.4,29.7,5,25838,0.441411122,58535,53089,90.69616469,2380,4.065943453,45,0.076877082,877,1.498248911,338,0.577432305,252,0.43051166,1554,2.654821901,0.441411122,90.69616469,4.065943453,7351791,503703,14.59548782,125.5964978
22,Oakland,92.6,24.1,2.8,35313,22.87111399,1544,1500,97.15025907,1,0.064766839,0,0,2,0.129533679,0,0,21,1.360103627,20,1.295336788,22.87111399,97.15025907,0.064766839,106661,8341,12.78755545,69.08095855
23,Indianola,94.9,28.4,7.5,26250,1.710877925,15343,14670,95.61363488,84,0.547480936,36,0.234634687,91,0.593104347,51,0.33239914,66,0.430163593,345,2.248582415,1.710877925,95.61363488,0.547480936,1475981,107339,13.75064981,96.19898325
24,Guthrie Center,87.5,13.7,3.9,28333,17.17151515,1650,1557,94.36363636,23,1.393939394,0,0,1,0.060606061,0,0,17,1.03030303,52,3.151515152,17.17151515,94.36363636,1.393939394,81074,6509,12.45567676,49.13575758
25,Hampton,83.8,18.7,2.8,29104,6.727693019,4326,3785,87.49422099,99,2.288488211,0,0,0,0,0,0,412,9.523809524,30,0.693481276,6.727693019,87.49422099,2.288488211,452687,35560,12.7302306,104.6433195
26,West Bend,93.1,16,1.1,29306,34.43713278,851,813,95.5346651,3,0.352526439,0,0,1,0.117508813,0,0,12,1.410105758,22,2.58519389,34.43713278,95.5346651,0.352526439,124798,11062,11.28168505,146.6486486
27,Anamosa,89.7,13.8,8.5,23285,4.26543323,5459,4841,88.67924528,402,7.363986078,124,2.271478293,14,0.256457227,0,0,38,0.696098186,40,0.732734933,4.26543323,88.67924528,7.363986078,620676,50235,12.35544939,113.6977468
28,Arlington,90.7,10.7,5,27159,51.63307985,526,512,97.33840304,0,0,3,0.570342205,0,0,0,0,0,0,11,2.091254753,51.63307985,97.33840304,0,28878,2739,10.54326396,54.90114068
29,Ames,97.4,63.4,6,12027,0.187707771,64073,53532,83.54845255,1994,3.112075289,123,0.191968536,6146,9.592183915,29,0.045260874,278,0.433880106,1971,3.076178734,0.187707771,83.54845255,3.112075289,7325051,502801,14.56848932,114.3235216
30,Ankeny,97.4,45.9,3.2,40608,0.760264355,53413,50255,94.08758167,658,1.231909835,0,0,1161,2.173628143,0,0,101,0.189092543,1238,2.317787804,0.760264355,94.08758167,1.231909835,4594334,308929,14.87181197,86.01527718
31,Boone,95.8,19.3,4.7,29826,2.365453248,12609,12212,96.85145531,262,2.077880879,53,0.420334682,27,0.214132762,0,0,8,0.063446744,47,0.372749623,2.365453248,96.85145531,2.077880879,1216408,91448,13.3016359,96.47140931
32,Burlington,90.8,19.1,6.9,25217,0.989212302,25492,22550,88.45912443,2030,7.963282598,68,0.266750353,89,0.349129139,0,0,92,0.360897536,663,2.600815942,0.989212302,88.45912443,7.963282598,2553971,170881,14.94590387,100.1871568
33,Cedar Rapids,94,31.8,4.7,32529,0.251117441,129537,112299,86.6926052,8045,6.210580761,329,0.253981488,3447,2.661015772,41,0.031651188,1204,0.929464169,4172,3.220701421,0.251117441,86.6926052,6.210580761,18271501,1249614,14.62171599,141.0523711
34,Marion,96.1,34.2,3.9,38340,1.030700575,37198,34765,93.45932577,858,2.306575622,22,0.059142965,577,1.551158664,0,0,177,0.475832034,799,2.147964944,1.030700575,93.45932577,2.306575622,2106737,157369,13.38724272,56.63575999
35,Mason City,92.5,21.4,4.9,27246,0.989109127,27546,25872,93.92289262,524,1.902272562,93,0.337617077,343,1.245189864,0,0,178,0.646191825,536,1.945836056,0.989109127,93.92289262,1.902272562,3752779,286853,13.08258585,136.2368039
36,Newton,91.8,15.9,5.8,27290,1.808482439,15090,14413,95.51358516,235,1.55732273,52,0.344599072,133,0.881378396,0,0,0,0,257,1.703114645,1.808482439,95.51358516,1.55732273,1450338,109565,13.23723817,96.11252485
37,Red Oak,86.8,12.8,12.3,26322,4.745267712,5547,5177,93.32972778,0,0,0,0,0,0,0,0,152,2.740219939,218,3.930052281,4.745267712,93.32972778,0,577897,42939,13.45855749,104.1819001
38,West Des Moines,96.2,54.9,2.7,42796,0.694469687,61624,53262,86.43061145,2301,3.733934831,73,0.11846034,4061,6.589964949,51,0.082759964,693,1.124561859,1183,1.919706608,0.694469687,86.43061145,3.733934831,9838929,592948,16.59324089,159.6606679
39,Centerville,88.5,17.9,7.8,24692,4.569207994,5404,5204,96.29903775,54,0.999259808,3,0.055514434,60,1.110288675,0,0,0,0,83,1.535899334,4.569207994,96.29903775,0.999259808,710531,52563,13.51770257,131.4824204
40,Urbandale,96.6,49.5,4,45947,1.105079609,41578,37296,89.70128433,1574,3.785655876,20,0.048102362,1436,3.453749579,107,0.257347636,175,0.420895666,970,2.332964549,1.105079609,89.70128433,3.785655876,2952657,186843,15.80287728,71.01488768
41,Fort Dodge,90.1,22.8,7.7,22426,0.910663526,24626,21898,88.92227727,1560,6.334768131,99,0.402014131,401,1.62836027,0,0,348,1.413140583,320,1.299439617,0.910663526,88.92227727,6.334768131,3256355,234269,13.90006787,132.2323967
42,Iowa Falls,91.6,18.2,4.8,27740,5.35935085,5176,5013,96.85085008,79,1.526275116,26,0.502318393,21,0.405718702,0,0,12,0.231839258,25,0.482998454,5.35935085,96.85085008,1.526275116,826140,59139,13.96946178,159.6097372
43,Ottumwa,83.9,16.5,7.4,25827,1.045246671,24709,21712,87.8708163,781,3.160791614,19,0.076895058,313,1.266744911,70,0.283297584,1434,5.803553361,380,1.53790117,1.045246671,87.8708163,3.160791614,2366392,164666,14.3708598,95.77044801
44,Marshalltown,79.7,19.5,7.1,27243,0.985743749,27637,21427,77.53012266,460,1.664435358,93,0.336505409,1238,4.479502117,15,0.054275066,3550,12.84509896,854,3.090060426,0.985743749,77.53012266,1.664435358,2729343,189049,14.43722527,98.7568477
45,Osceola,87.2,17.2,5.5,28269,5.662860577,4992,4633,92.80849359,4,0.080128205,0,0,61,1.221955128,0,0,139,2.784455128,155,3.104967949,5.662860577,92.80849359,0.080128205,564496,41724,13.5292877,113.0801282
46,Chariton,90.2,14.5,5.6,27863,6.604171605,4219,4115,97.53496089,7,0.165916094,0,0,0,0,0,0,0,0,97,2.299123015,6.604171605,97.53496089,0.165916094,369919,26684,13.86295158,87.67930789
47,Creston,93,16.7,3.4,26244,3.331725276,7877,7589,96.34378571,122,1.548813,24,0.304684525,66,0.837882443,7,0.08886632,0,0,69,0.875968008,3.331725276,96.34378571,1.548813,887090,65879,13.46544422,112.6177479
48,Davenport,91.2,26.7,5.1,30275,0.29592884,102305,83300,81.42319535,11694,11.43052637,331,0.323542349,2240,2.189531303,17,0.016616979,1412,1.380186697,3311,3.236400958,0.29592884,81.42319535,11.43052637,13251726,877507,15.10156158,129.5315576
49,Estherville,88,20.4,6.5,25433,4.219844035,6027,5746,95.33764725,120,1.991040319,13,0.215696035,27,0.447984072,11,0.182512029,42,0.696864111,68,1.128256181,4.219844035,95.33764725,1.991040319,563186,44840,12.55990187,93.44383607
50,Mount Pleasant,91.8,18.6,2.8,26229,3.089035449,8491,7315,86.15004122,385,4.534212696,39,0.459309857,472,5.558826993,0,0,73,0.859733836,207,2.437875397,3.089035449,86.15004122,4.534212696,1029259,71906,14.31395155,121.2176422
51,Albia,83.9,18.6,4.9,31408,8.276152833,3795,3620,95.3886693,5,0.131752306,0,0,11,0.289855072,0,0,118,3.109354414,41,1.080368906,8.276152833,95.3886693,0.131752306,288395,21243,13.57600151,75.99341238
52,Spencer,93.4,21.5,3.6,30011,2.686269245,11172,10617,95.03222342,47,0.420694594,4,0.035803795,0,0,0,0,192,1.71858217,312,2.792696026,2.686269245,95.03222342,0.420694594,1448957,117249,12.35794762,129.6953992
53,Knoxville,92,15.9,6.3,26362,3.643173024,7236,6947,96.00608071,38,0.525152018,48,0.663349917,45,0.621890547,0,0,22,0.304035379,136,1.879491432,3.643173024,96.00608071,0.525152018,796630,58667,13.5788433,110.0925926
54,Muscatine,85.9,19.6,5.1,30046,1.256681584,23909,21266,88.94558534,732,3.061608599,33,0.138023338,301,1.258940148,0,0,731,3.057426074,846,3.538416496,1.256681584,88.94558534,3.061608599,2621441,187528,13.97893115,109.6424359
55,Charles City,85.3,21,3.3,23003,3.068703308,7496,6760,90.1814301,247,3.295090715,65,0.867129136,245,3.268409819,0,0,37,0.493596585,142,1.89434365,3.068703308,90.1814301,3.295090715,927546,70310,13.19223439,123.738794
56,Grinnell,93.4,31.1,4.1,16878,1.852282704,9112,8272,90.78138718,294,3.226514486,15,0.164618086,365,4.00570676,5,0.054872695,24,0.263388938,137,1.503511853,1.852282704,90.78138718,3.226514486,965345,68314,14.13099804,105.9421642
57,Washington,91.5,17.8,6.7,23673,3.212947883,7368,6841,92.84744843,145,1.967969598,46,0.62432139,58,0.787187839,11,0.149294245,153,2.076547231,114,1.54723127,3.212947883,92.84744843,1.967969598,1137692,77542,14.67194553,154.4098806
58,Fort Madison,92.3,11.8,8.2,28808,2.675085895,10769,10087,93.66700715,334,3.101495032,0,0,44,0.408580184,0,0,16,0.148574612,288,2.674343022,2.675085895,93.66700715,3.101495032,1051377,76087,13.81808982,97.62995636
59,Algona,94.4,24.2,0.7,34392,6.257641921,5496,5431,98.81732169,6,0.109170306,0,0,15,0.272925764,0,0,11,0.20014556,33,0.600436681,6.257641921,98.81732169,0.109170306,948866,73771,12.86231717,172.6466521
60,Johnston,96.6,56.7,3.8,58077,2.979682931,19491,17976,92.22718178,403,2.067620953,14,0.071828023,760,3.899235545,52,0.2667898,19,0.097480889,267,1.369863014,2.979682931,92.22718178,2.067620953,1236256,83503,14.80492916,63.4270176
61,Atlantic,88,21.1,1.9,25953,3.807099897,6817,6627,97.21285023,21,0.308053396,46,0.674783629,30,0.44007628,23,0.337391815,15,0.22003814,55,0.806806513,3.807099897,97.21285023,0.308053396,1012777,74501,13.59413968,148.5663782
62,Carroll,91.9,25.1,1.6,31591,3.162262262,9990,9498,95.07507508,269,2.692692693,0,0,0,0,0,0,70,0.700700701,153,1.531531532,3.162262262,95.07507508,2.692692693,2039061,150008,13.59301504,204.1102102
63,Sioux City,83.8,20.9,5.5,26599,0.321764692,82666,69363,83.90753151,3119,3.773014299,1373,1.660900491,2612,3.159702901,133,0.160888394,3370,4.076645779,2696,3.261316624,0.321764692,83.90753151,3.773014299,8784571,581437,15.10837976,106.2658288
64,Denison,66.1,10.7,6.2,30187,3.625630555,8326,7556,90.75186164,244,2.930578909,42,0.504443911,31,0.372327648,0,0,270,3.242853711,183,2.197934182,3.625630555,90.75186164,2.930578909,1117922,83308,13.41914342,134.2687965
65,Cherokee,86.6,17.6,3.6,26007,5.086446313,5113,4944,96.69469978,64,1.251711324,36,0.70408762,29,0.567181694,0,0,15,0.293369842,25,0.488949736,5.086446313,96.69469978,1.251711324,668894,51723,12.93223518,130.8222179
66,Coralville,95.5,55.4,2.9,35773,1.781701365,20078,15437,76.88514792,2270,11.30590696,9,0.044825182,1846,9.194142843,0,0,333,1.658531726,183,0.911445363,1.781701365,76.88514792,11.30590696,5146272,296404,17.36235678,256.3139755
67,Oskaloosa,91.2,24.9,7.3,26210,2.271624198,11538,10904,94.50511354,227,1.96741203,8,0.069336107,224,1.94141099,0,0,70,0.606690934,105,0.910036401,2.271624198,94.50511354,1.96741203,1185453,86363,13.72639904,102.7433697
68,Fairfield,95.5,38.1,8.9,19661,1.977569905,9942,7565,76.09132971,997,10.02816335,0,0,633,6.366928183,0,0,257,2.584992959,490,4.928585798,1.977569905,76.09132971,10.02816335,806978,55459,14.55089345,81.16857775
69,Webster City,90.2,19.7,3.1,30928,3.952460064,7825,7155,91.43769968,46,0.587859425,0,0,342,4.370607029,0,0,269,3.437699681,13,0.166134185,3.952460064,91.43769968,0.587859425,684628,55012,12.44506653,87.49239617
70,Bettendorf,97.3,49.1,4.3,42397,1.209683862,35048,31018,88.50148368,1196,3.412462908,118,0.336681123,1819,5.190025108,0,0,411,1.172677471,486,1.38666971,1.209683862,88.50148368,3.412462908,5006320,308554,16.2251016,142.8418169
71,Le Mars,90.6,18.7,3.8,36924,3.757785467,9826,9066,92.26541828,87,0.885406066,44,0.447791573,69,0.702218604,42,0.427437411,320,3.256665988,198,2.01506208,3.757785467,92.26541828,0.885406066,1297765,92905,13.9687315,132.074598
72,Humboldt,93.8,22.4,3.6,27122,5.893524555,4602,4470,97.13168188,4,0.086918731,12,0.260756193,22,0.47805302,0,0,4,0.086918731,90,1.955671447,5.893524555,97.13168188,0.086918731,591971,46561,12.71388072,128.6334203
73,Council Bluffs,87.7,18,5.4,30096,0.482880339,62326,57736,92.63549722,1249,2.003979078,231,0.370631839,565,0.906523762,5,0.008022334,1187,1.904502134,1353,2.170843629,0.482880339,92.63549722,2.003979078,8718184,579442,15.04582685,139.880371
74,Clinton,89.9,19.6,5.6,27086,1.035872724,26148,23792,90.98975065,1251,4.784304727,80,0.305950742,168,0.642496558,0,0,147,0.562184488,710,2.715312835,1.035872724,90.98975065,4.784304727,2847891,205148,13.882129,108.9142955
75,Eldora,92.2,23.7,4.1,24785,9.307172362,2663,2390,89.74840406,76,2.853924146,6,0.225309801,85,3.191888847,0,0,15,0.563274502,91,3.417198648,9.307172362,89.74840406,2.853924146,246243,21213,11.60811766,92.46826887
76,Pella,90.8,36.3,3.3,23300,2.266536965,10280,9639,93.76459144,98,0.953307393,0,0,270,2.626459144,0,0,158,1.536964981,115,1.118677043,2.266536965,93.76459144,0.953307393,868679,59452,14.61143443,84.50184825
77,Harlan,88.5,23.9,2.7,26558,5.303115016,5008,4590,91.65335463,47,0.938498403,6,0.119808307,31,0.619009585,0,0,201,4.013578275,133,2.655750799,5.303115016,91.65335463,0.938498403,741809,54083,13.71612152,148.1248003
78,Waverly,95.6,37,3.3,22270,2.21614091,10049,9377,93.31276744,233,2.318638671,32,0.318439646,153,1.522539556,0,0,94,0.935416459,160,1.592198229,2.21614091,93.31276744,2.318638671,1378148,104029,13.247729,137.1428003
79,Bedford,92.8,16,3.8,24786,17.14107884,1446,1396,96.54218534,12,0.829875519,2,0.138312586,16,1.106500692,0,0,6,0.414937759,14,0.968188105,17.14107884,96.54218534,0.829875519,59589,4558,13.07349715,41.20954357
80,Mount Ayr,88.8,19.3,7.5,27357,13.97191011,1958,1840,93.97344229,8,0.408580184,8,0.408580184,21,1.072522983,0,0,57,2.91113381,24,1.225740552,13.97191011,93.97344229,0.408580184,139272,10810,12.88362627,71.12972421
81,Corydon,91,16.1,4.1,27500,17.81088083,1544,1508,97.66839378,18,1.165803109,12,0.777202073,4,0.259067358,0,0,0,0,2,0.129533679,17.81088083,97.66839378,1.165803109,94007,7196,13.06378544,60.88536269
82,Sioux Center,87.4,36.5,0.4,23226,3.151424695,7370,6662,90.39348711,41,0.556309362,29,0.39348711,59,0.800542741,0,0,509,6.906377205,70,0.949796472,3.151424695,90.39348711,0.556309362,662400,48475,13.66477566,89.87788331
83,Sheldon,92.5,27.6,2.8,27467,5.476969093,5015,4633,92.38285145,21,0.418743769,0,0,77,1.535393819,0,0,222,4.42671984,62,1.236291127,5.476969093,92.38285145,0.418743769,799090,61969,12.89499589,159.3399801
84,Waukee,98.2,53.1,1,44655,2.633736361,16955,15517,91.51872604,246,1.45089944,0,0,452,2.665880271,28,0.165143026,112,0.660572103,600,3.538779121,2.633736361,91.51872604,1.45089944,1203589,73232,16.43528785,70.9872604
85,Leon,85.1,13.9,7,22734,11.39548872,1995,1962,98.34586466,1,0.050125313,0,0,18,0.902255639,0,0,0,0,14,0.701754386,11.39548872,98.34586466,0.050125313,94188,6778,13.89613455,47.21203008
86,Jefferson,91.5,20.3,5.5,25481,6.056810078,4207,4082,97.02876159,12,0.285238888,9,0.213929166,31,0.736867126,5,0.118849536,0,0,68,1.616353696,6.056810078,97.02876159,0.285238888,359466,26847,13.38942899,85.44473497
87,Clive,95,54.9,3.3,46338,2.722241805,17022,15307,89.9248032,357,2.097285865,59,0.346610269,792,4.652802256,0,0,235,1.380566326,272,1.597932088,2.722241805,89.9248032,2.097285865,732924,48389,15.14650024,43.05745506
88,Lake City,87.6,21.2,4.8,23203,13.19101762,1759,1699,96.58897101,27,1.534963047,0,0,12,0.682205799,0,0,0,0,21,1.193860148,13.19101762,96.58897101,1.534963047,115107,9743,11.81432824,65.43888573
89,Bloomfield,94.7,18.3,7.4,27708,10.56750572,2622,2585,98.58886346,2,0.076277651,0,0,17,0.648360031,0,0,0,0,18,0.686498856,10.56750572,98.58886346,0.076277651,93510,7929,11.79341657,35.66361556
90,Denver,97.5,25.4,1.2,36106,19.90407938,1814,1773,97.73980154,5,0.275633958,0,0,22,1.212789416,0,0,0,0,14,0.771775083,19.90407938,97.73980154,0.275633958,89409,7201,12.4161922,49.28831312
91,Colfax,94.5,20.6,10.9,31064,16.13714286,1925,1802,93.61038961,7,0.363636364,0,0,8,0.415584416,21,1.090909091,5,0.25974026,82,4.25974026,16.13714286,93.61038961,0.363636364,115358,9677,11.92084324,59.92623377
92,Britt,90.8,16.4,3.9,33640,17.52996352,1919,1867,97.29025534,8,0.416883794,3,0.156331423,5,0.260552371,0,0,23,1.198540907,13,0.677436165,17.52996352,97.29025534,0.416883794,113067,10890,10.38264463,58.91974987
93,Clarion,86.1,18.6,8.3,26998,9.701042041,2783,2267,81.45885735,24,0.862378728,0,0,49,1.760689903,0,0,387,13.90585699,56,2.012217032,9.701042041,81.45885735,0.862378728,136425,10753,12.68715707,49.02084082
94,Adel,93.7,32,3.1,37130,9.213399504,4030,3956,98.16377171,20,0.496277916,0,0,0,0,0,0,0,0,54,1.339950372,9.213399504,98.16377171,0.496277916,306111,23762,12.88237522,75.95806452
95,Montezuma,94.3,18.7,6.4,33149,20.8353237,1591,1567,98.49151477,0,0,0,0,0,0,0,0,0,0,24,1.508485229,20.8353237,98.49151477,0,234189,16765,13.96892335,147.1961031
96,Clear Lake,94,25.1,2.2,30478,3.987179487,7644,7366,96.36316065,58,0.758765044,25,0.327053898,123,1.609105181,0,0,47,0.614861329,25,0.327053898,3.987179487,96.36316065,0.758765044,1638256,121490,13.48469833,214.3192046
97,Manchester,89.9,18.6,2.6,30320,5.96498131,5083,5048,99.31143026,24,0.472162109,5,0.098367106,0,0,0,0,0,0,6,0.118040527,5.96498131,99.31143026,0.472162109,860886,63577,13.54084024,169.3657289
98,Milford,93,17.3,3.2,28455,9.513540622,2991,2939,98.26145102,17,0.568371782,15,0.501504514,0,0,0,0,0,0,20,0.668672685,9.513540622,98.26145102,0.568371782,1161633,83299,13.94534148,388.3761284
99,Riceville,92.5,14.3,10.5,30263,36.28657074,834,792,94.96402878,0,0,0,0,0,0,0,0,0,0,42,5.035971223,36.28657074,94.96402878,0,27143,2409,11.26733084,32.54556355
100,Columbus Junction,69.9,10.8,4.1,26844,12.12466125,2214,1626,73.44173442,84,3.79403794,0,0,337,15.22131888,0,0,148,6.684733514,19,0.858175248,12.12466125,73.44173442,3.79403794,130085,8854,14.6922295,58.75564589
101,Marengo,90.2,10.6,2.4,25875,8.840109327,2927,2809,95.9685685,30,1.024940212,0,0,0,0,3,0.102494021,40,1.366586949,45,1.537410318,8.840109327,95.9685685,1.024940212,287040,25677,11.17887604,98.06627947
102,Norwalk,96.7,36.5,5.4,42061,4.229786806,9944,9746,98.00884956,0,0,53,0.532984714,7,0.070394208,0,0,77,0.774336283,61,0.613435237,4.229786806,98.00884956,0,453957,35432,12.81206254,45.65134755
103,De Witt,96.5,29.3,4.7,35863,6.812879939,5264,5067,96.25759878,1,0.01899696,0,0,74,1.405775076,0,0,20,0.37993921,102,1.93768997,6.812879939,96.25759878,0.01899696,271795,23049,11.79205172,51.63278875
104,Stuart,91.7,15.6,3.8,27108,17.7408377,1528,1521,99.54188482,2,0.130890052,0,0,0,0,0,0,0,0,5,0.327225131,17.7408377,99.54188482,0.130890052,171325,13498,12.69262113,112.1236911
105,Panora,87.1,21.1,0.7,30104,27.44211486,1097,1092,99.54421149,0,0,0,0,5,0.455788514,0,0,0,0,0,0,27.44211486,99.54421149,0,172305,13134,13.11900411,157.0692799
106,Marcus,90.8,23,2.6,31722,27.68062827,1146,1100,95.98603839,0,0,5,0.436300175,0,0,0,0,0,0,41,3.577661431,27.68062827,95.98603839,0,34453,2699,12.76509818,30.06369983
107,Bellevue,87.2,18.2,2.5,32158,14.66393069,2193,2183,99.54400365,0,0,0,0,3,0.136798906,0,0,0,0,7,0.319197446,14.66393069,99.54400365,0,275575,19089,14.43632458,125.6611947
108,Rockwell City,91.3,13,1.6,16436,7.430379747,2212,2031,91.81735986,103,4.65641953,19,0.858951175,9,0.406871609,0,0,7,0.316455696,43,1.943942134,7.430379747,91.81735986,4.65641953,78560,7157,10.9766662,35.51537071
109,Monticello,92.4,12.8,3.2,31788,8.345497506,3809,3805,99.89498556,1,0.02625361,0,0,0,0,0,0,0,0,3,0.07876083,8.345497506,99.89498556,0.02625361,464581,39517,11.75648455,121.9692833
110,Primghar,89.7,17.6,2.5,34946,35.91572456,973,858,88.18088386,10,1.027749229,0,0,7,0.71942446,0,0,93,9.558067831,5,0.513874615,35.91572456,88.18088386,1.027749229,91431,6747,13.55135616,93.96813977
111,Osage,95.3,18.3,3.7,28225,7.773340677,3631,3534,97.32855963,5,0.137703112,26,0.716056183,0,0,0,0,6,0.165243735,60,1.652437345,7.773340677,97.32855963,0.137703112,243742,20276,12.02120734,67.12806389
112,Alta Vista,92,8,1.3,30927,102.7475083,301,296,98.33887043,0,0,0,0,2,0.664451827,0,0,0,0,3,0.996677741,102.7475083,98.33887043,0,5695,454,12.54405286,18.92026578
113,Eagle Grove,86.8,15.7,9.3,26862,7.74567474,3468,3350,96.59746251,11,0.317185698,24,0.692041522,0,0,0,0,36,1.038062284,47,1.355247982,7.74567474,96.59746251,0.317185698,249204,20171,12.35456844,71.85813149
114,Kingsley,95.4,20.8,3.7,34118,23.75905292,1436,1411,98.25905292,9,0.626740947,0,0,0,0,0,0,0,0,16,1.114206128,23.75905292,98.25905292,0.626740947,65155,5249,12.41284054,45.37256267
115,Tripoli,87.3,12.1,2.1,30732,23.35258359,1316,1270,96.50455927,0,0,0,0,0,0,39,2.963525836,0,0,7,0.531914894,23.35258359,96.50455927,0,186465,15512,12.02069366,141.6907295
116,West Burlington,90.9,13.5,4.5,20331,6.827065144,2978,2733,91.77300201,83,2.78710544,0,0,37,1.242444594,0,0,0,0,125,4.197447952,6.827065144,91.77300201,2.78710544,743008,51444,14.44304486,249.4989926
117,Bussey,89.5,9.9,7.7,24423,42.25432526,578,577,99.82698962,0,0,1,0.173010381,0,0,0,0,0,0,0,0,42.25432526,99.82698962,0,14756,1542,9.569390402,25.52941176
118,Hartley,88.3,11.5,1.4,29615,17.24810716,1717,1602,93.3022714,12,0.698893419,13,0.757134537,21,1.223063483,0,0,24,1.397786838,45,2.62085032,17.24810716,93.3022714,0.698893419,142642,12054,11.83358221,83.07629586
119,Oelwein,85.8,14.9,4,25000,4.03551251,6195,5930,95.72235674,19,0.306698951,76,1.226795803,21,0.338983051,0,0,33,0.532687651,116,1.872477805,4.03551251,95.72235674,0.306698951,673146,55680,12.08954741,108.6595642
120,Ackley,88.8,20,4,30790,17.71576525,1738,1715,98.67663982,0,0,0,0,0,0,0,0,15,0.86306099,8,0.460299194,17.71576525,98.67663982,0,58058,5057,11.48071979,33.40506329
121,Chester,91.8,6.3,13.8,23333,88.71863118,263,243,92.39543726,10,3.802281369,0,0,10,3.802281369,0,0,0,0,0,0,88.71863118,92.39543726,3.802281369,2996,232,12.9137931,11.39163498
122,Grundy Center,94.5,25.6,5.4,31728,11.72939002,2705,2672,98.78003697,33,1.219963031,0,0,0,0,0,0,0,0,0,0,11.72939002,98.78003697,1.219963031,192323,16040,11.99021197,71.09907579
123,Logan,88.2,21.5,1.5,36786,23.88701299,1540,1485,96.42857143,7,0.454545455,7,0.454545455,0,0,7,0.454545455,0,0,34,2.207792208,23.88701299,96.42857143,0.454545455,66729,5717,11.67203079,43.33051948
124,Maquoketa,92.8,16.3,8.3,25028,4.154024896,6025,5627,93.39419087,25,0.414937759,7,0.116182573,32,0.531120332,120,1.991701245,0,0,214,3.55186722,4.154024896,93.39419087,0.414937759,829789,65832,12.60464516,137.7243154
125,Ida Grove,89.3,18.5,4.3,28048,12.73172946,2203,2187,99.27371766,1,0.045392646,7,0.317748525,0,0,0,0,1,0.045392646,7,0.317748525,12.73172946,99.27371766,0.045392646,235474,18642,12.63137002,106.8878802
126,Emmetsburg,94.3,25.5,1.5,28400,7.467788588,3803,3574,93.97843808,149,3.917959506,9,0.236655272,38,0.999211149,0,0,0,0,33,0.867735998,7.467788588,93.97843808,3.917959506,544170,42405,12.83268482,143.0896661
127,Laurens,92,15.3,2.6,31726,24.9418239,1272,1155,90.80188679,54,4.245283019,6,0.471698113,16,1.257861635,0,0,19,1.493710692,22,1.729559748,24.9418239,90.80188679,4.245283019,116221,10533,11.03398842,91.36871069
128,Audubon,86.6,13,2.6,25868,12.6617719,2043,1953,95.59471366,2,0.097895252,34,1.664219285,7,0.342633382,0,0,0,0,47,2.300538424,12.6617719,95.59471366,0.097895252,128960,11619,11.09906188,63.12285854
129,Ogden,93.1,19,6.5,29531,14.27307878,2069,2028,98.01836636,0,0,0,0,0,0,0,0,9,0.43499275,32,1.546640889,14.27307878,98.01836636,0,77266,6093,12.68110947,37.34461092
130,West Point,95.5,15.1,7.5,31483,30.86568627,1020,997,97.74509804,0,0,0,0,0,0,0,0,0,0,23,2.254901961,30.86568627,97.74509804,0,214770,13347,16.09125646,210.5588235
131,Fairbank,96.8,16.2,3.3,33750,28.89554795,1168,1134,97.0890411,0,0,24,2.054794521,0,0,0,0,0,0,10,0.856164384,28.89554795,97.0890411,0,52734,4560,11.56447368,45.1489726
132,Holstein,95.4,28.9,5.4,29471,20.81285311,1416,1350,95.33898305,0,0,39,2.754237288,9,0.63559322,0,0,8,0.564971751,10,0.706214689,20.81285311,95.33898305,0,240057,16284,14.74189388,169.5317797
133,Belmond,91.5,14.5,3.3,33262,12.38346984,2686,2551,94.97393894,0,0,0,0,16,0.59568131,0,0,92,3.425167535,27,1.005212211,12.38346984,94.97393894,0,258406,20825,12.40845138,96.20476545
134,Northwood,91.3,16.9,11.2,27625,14.30605904,1931,1838,95.18384257,51,2.641118591,2,0.103573278,3,0.155359917,0,0,0,0,37,1.916105645,14.30605904,95.18384257,2.641118591,207552,16960,12.23773585,107.4842051
135,Greene,87.8,17.2,2.7,31724,28.45201794,1115,1104,99.01345291,0,0,0,0,0,0,11,0.986547085,0,0,0,0,28.45201794,99.01345291,0,35772,3159,11.32383666,32.08251121
136,Everly,89.2,12.3,5.6,24632,39.47435897,624,621,99.51923077,0,0,0,0,0,0,0,0,1,0.16025641,2,0.320512821,39.47435897,99.51923077,0,8007,674,11.87982196,12.83173077
137,Monona,90.2,20.3,2.9,28438,19.02207358,1495,1470,98.3277592,0,0,0,0,16,1.070234114,0,0,0,0,9,0.602006689,19.02207358,98.3277592,0,160927,12289,13.0952071,107.6434783
138,Wesley,88.9,11.6,2.2,33750,101.3513514,333,321,96.3963964,4,1.201201201,0,0,1,0.3003003,0,0,0,0,7,2.102102102,101.3513514,96.3963964,1.201201201,226448,16030,14.12651279,680.024024
139,Fredericksburg,92.9,16.4,4.2,28846,24.88869715,1159,1110,95.77221743,33,2.84728214,0,0,2,0.172562554,0,0,0,0,14,1.207937877,24.88869715,95.77221743,2.84728214,37597,3714,10.12304793,32.4391717
140,Mount Vernon,99.2,65.8,1.4,16218,3.614441721,4487,4120,91.82081569,50,1.114330287,0,0,52,1.158903499,4,0.089146423,13,0.289725875,248,5.527078226,3.614441721,91.82081569,1.114330287,2216051,155453,14.25544055,493.8825496
141,Remsen,92.8,12.7,3.3,31179,17.09375,1824,1808,99.12280702,0,0,0,0,0,0,0,0,0,0,16,0.877192982,17.09375,99.12280702,0,120063,8822,13.60949898,65.82401316
142,Avoca,89.7,22.6,3.4,31336,21.20162382,1478,1447,97.90257104,0,0,0,0,0,0,0,0,0,0,31,2.097428958,21.20162382,97.90257104,0,344311,23411,14.70723164,232.9573748
143,Rock Rapids,90.8,28,1.8,32421,12.62008564,2569,2562,99.72752044,4,0.155702608,0,0,2,0.077851304,0,0,1,0.038925652,0,0,12.62008564,99.72752044,0.155702608,316325,23665,13.36678639,123.1315687
144,Sumner,94.7,20.3,4.4,30045,13.62585034,2205,2178,98.7755102,0,0,17,0.770975057,0,0,0,0,0,0,10,0.453514739,13.62585034,98.7755102,0,90649,7444,12.17745836,41.1106576
145,Decorah,95.6,41.6,2.4,12340,1.545397621,7985,7639,95.66687539,152,1.903569192,33,0.41327489,79,0.989355041,0,0,22,0.275516594,60,0.751408892,1.545397621,95.66687539,1.903569192,1181316,85454,13.82399888,147.941891
146,Onawa,90.6,15,6.4,25235,8.683757743,2906,2723,93.7026841,46,1.582931865,110,3.785271851,0,0,0,0,0,0,27,0.929112182,8.683757743,93.7026841,1.582931865,286070,21294,13.43430074,98.44115623
147,Armstrong,89.5,12.9,3.5,27059,30.1325167,898,888,98.88641425,0,0,0,0,0,0,0,0,0,0,10,1.113585746,30.1325167,98.88641425,0,46065,3835,12.01173403,51.29732739
148,Eldridge,96,33.2,6.5,35597,5.814603071,6122,5865,95.80202548,170,2.776870304,0,0,0,0,0,0,0,0,87,1.421104214,5.814603071,95.80202548,2.776870304,424970,32408,13.11312022,69.41685724
149,Dyersville,90.8,22.8,1.4,32530,7.782296651,4180,4180,100,0,0,0,0,0,0,0,0,0,0,0,0,7.782296651,100,0,442772,38945,11.36916164,105.9263158
150,Sigourney,91.8,21.2,5.1,31995,15.19952494,2105,1984,94.25178147,1,0.047505938,7,0.332541568,34,1.6152019,7,0.332541568,29,1.377672209,43,2.042755344,15.19952494,94.25178147,0.047505938,116870,10184,11.47584446,55.52019002
151,Manning,91.4,21.5,8.8,25907,17.16832339,1509,1475,97.74685222,2,0.132538105,0,0,16,1.060304838,0,0,0,0,16,1.060304838,17.16832339,97.74685222,0.132538105,96680,6956,13.89879241,64.06891981
152,Lenox,83.1,9.3,4.8,24837,17.44171348,1424,1275,89.53651685,0,0,11,0.77247191,18,1.264044944,0,0,120,8.426966292,0,0,17.44171348,89.53651685,0,45255,3594,12.5918197,31.78019663
153,Hawarden,82.4,18.5,7,28590,11.26477541,2538,2130,83.92434988,3,0.11820331,0,0,0,0,0,0,377,14.85421592,28,1.10323089,11.26477541,83.92434988,0.11820331,124931,10021,12.46691947,49.22419228
154,New Hampton,87.8,18.4,3.9,32611,9.376365727,3478,3390,97.46981024,32,0.920069005,7,0.201265095,31,0.891316849,0,0,12,0.345025877,6,0.172512938,9.376365727,97.46981024,0.920069005,211195,19315,10.93424799,60.72311673
155,Guttenberg,91.2,13.2,4.3,26326,13.4591002,1956,1876,95.91002045,6,0.306748466,3,0.153374233,0,0,0,0,0,0,71,3.629856851,13.4591002,95.91002045,0.306748466,243653,18045,13.50252147,124.5669734
156,Pocahontas,94.7,15.7,3.9,30417,17.00223589,1789,1741,97.31693684,38,2.124091671,0,0,0,0,0,0,0,0,10,0.558971492,17.00223589,97.31693684,2.124091671,176254,15962,11.04209999,98.52096143
157,Independence,91.7,19.4,2.6,28876,4.80865945,6005,5852,97.45212323,49,0.815986678,0,0,84,1.398834305,0,0,20,0.333055787,0,0,4.80865945,97.45212323,0.815986678,776095,58763,13.20720521,129.2414654
158,Strawberry Point,90.8,11.1,4.6,31389,23.1311717,1357,1353,99.70523213,2,0.147383935,0,0,0,0,0,0,0,0,2,0.147383935,23.1311717,99.70523213,0.147383935,62209,5295,11.74863078,45.84303611
159,La Porte City,94.1,19.7,2.4,33125,13.78485227,2403,2380,99.04286309,0,0,5,0.208073242,9,0.374531835,0,0,0,0,9,0.374531835,13.78485227,99.04286309,0,123256,9327,13.2149673,51.29255098
160,Swisher,99,38,2,46174,54.57919622,846,825,97.5177305,0,0,4,0.472813239,4,0.472813239,0,0,0,0,13,1.536643026,54.57919622,97.5177305,0,226650,9328,24.29781304,267.9078014
161,Madrid,91.5,17.4,2.6,35351,13.6754352,2585,2541,98.29787234,0,0,7,0.270793037,0,0,0,0,0,0,37,1.431334623,13.6754352,98.29787234,0,78900,6355,12.41542093,30.52224371
162,Alvord,94.8,7.8,2.1,28182,119.4152542,236,213,90.25423729,0,0,1,0.423728814,2,0.847457627,2,0.847457627,8,3.389830508,10,4.237288136,119.4152542,90.25423729,0,153,13,11.76923077,0.648305085
163,Bancroft,95.8,17.2,2.7,30919,43.4255618,712,672,94.38202247,24,3.370786517,0,0,0,0,0,0,8,1.123595506,8,1.123595506,43.4255618,94.38202247,3.370786517,302605,20112,15.04599244,425.0070225
164,Otho,89.2,8.8,6.2,28611,58.03448276,493,487,98.78296146,0,0,0,0,0,0,0,0,3,0.60851927,3,0.60851927,58.03448276,98.78296146,0,15996,1297,12.33307633,32.44624746
165,Schaller,85.8,16.9,3.9,26641,33.51069182,795,744,93.58490566,0,0,0,0,0,0,4,0.503144654,40,5.031446541,7,0.880503145,33.51069182,93.58490566,0,8658,840,10.30714286,10.89056604
166,Manson,94.9,15.2,1.5,29279,16.04328767,1825,1767,96.82191781,0,0,4,0.219178082,2,0.109589041,0,0,3,0.164383562,49,2.684931507,16.04328767,96.82191781,0,132118,10538,12.5372936,72.39342466
167,Riverside,94.1,17.3,4,30821,29.24193548,1054,1036,98.29222011,3,0.284629981,0,0,0,0,0,0,0,0,15,1.423149905,29.24193548,98.29222011,0.284629981,205329,12180,16.85788177,194.8092979
168,Williamsburg,91.1,21.3,0,31189,9.920165394,3144,3095,98.44147583,0,0,0,0,0,0,0,0,0,0,49,1.558524173,9.920165394,98.44147583,0,248882,19677,12.64837119,79.16094148
169,North Liberty,96.9,49.5,0.7,41282,2.430640603,16984,15271,89.91403674,977,5.752472916,0,0,433,2.549458314,0,0,63,0.370937353,240,1.413094677,2.430640603,89.91403674,5.752472916,1103682,71508,15.43438496,64.98363165
170,Mapleton,84.7,22.2,4.7,30000,23.09468822,1299,1299,100,0,0,0,0,0,0,0,0,0,0,0,0,23.09468822,100,0,229663,16756,13.70631416,176.799846
171,Toledo,81,11.4,6.6,26973,11.94552702,2258,2136,94.59698849,26,1.15146147,22,0.974313552,6,0.265721878,6,0.265721878,31,1.372896368,31,1.372896368,11.94552702,94.59698849,1.15146147,454974,34774,13.08374073,201.4942427
172,Nevada,93.8,22.9,4.9,35297,5.193790465,6796,6643,97.74867569,32,0.470865215,0,0,37,0.544437905,0,0,6,0.088287228,78,1.147733961,5.193790465,97.74867569,0.470865215,407842,32621,12.50243708,60.01206592
173,Brooklyn,92.1,17.7,4.9,31317,22.02320675,1422,1404,98.73417722,0,0,0,0,0,0,0,0,0,0,18,1.265822785,22.02320675,98.73417722,0,112066,8302,13.49867502,78.80872011
174,State Center,93.2,19.3,3.8,31375,23.46671653,1337,1271,95.06357517,0,0,4,0.299177263,4,0.299177263,0,0,58,4.338070307,0,0,23.46671653,95.06357517,0,51555,4448,11.59060252,38.56020942
175,Edgewood,91.2,9.8,7.9,32202,40.50566038,795,763,95.97484277,2,0.251572327,0,0,20,2.51572327,0,0,1,0.125786164,9,1.132075472,40.50566038,95.97484277,0.251572327,43193,3578,12.07182784,54.33081761
176,Sioux Rapids,91.4,15.7,2,30129,41.32921811,729,721,98.90260631,2,0.274348422,0,0,0,0,0,0,2,0.274348422,4,0.548696845,41.32921811,98.90260631,0.274348422,84300,7057,11.94558594,115.6378601
177,Monroe,93.8,18.6,7.8,35107,18.72373333,1875,1840,98.13333333,0,0,0,0,7,0.373333333,0,0,0,0,28,1.493333333,18.72373333,98.13333333,0,61108,4837,12.63345049,32.59093333
178,Greenfield,92,15.3,2.4,31750,16.27370579,1951,1925,98.66735008,1,0.051255766,0,0,20,1.025115325,0,0,5,0.256278831,0,0,16.27370579,98.66735008,0.051255766,135140,10874,12.42780945,69.26704254
179,Hubbard,86.6,15.2,5.4,37917,42.55555556,891,880,98.7654321,8,0.897867565,0,0,0,0,0,0,0,0,3,0.336700337,42.55555556,98.7654321,0.897867565,41272,4046,10.20069204,46.32098765
180,North English,87.9,16.1,3.6,31097,27.08797909,1148,1111,96.77700348,0,0,0,0,0,0,0,0,0,0,37,3.222996516,27.08797909,96.77700348,0,46971,4913,9.560553633,40.91550523
181,Arnolds Park,96.8,20.9,9.7,25156,24.56640625,1024,969,94.62890625,15,1.46484375,4,0.390625,0,0,0,0,8,0.78125,28,2.734375,24.56640625,94.62890625,1.46484375,403051,27152,14.8442472,393.6044922
182,Woodbine,90.4,21.4,5.1,30114,18.30638298,1645,1598,97.14285714,0,0,15,0.911854103,0,0,0,0,8,0.486322188,24,1.458966565,18.30638298,97.14285714,0,57198,4618,12.38588133,34.77082067
183,Lansing,96.8,15.7,6.7,27574,33.10204082,833,816,97.95918367,2,0.240096038,3,0.360144058,8,0.960384154,0,0,0,0,4,0.480192077,33.10204082,97.95918367,0.240096038,104929,9105,11.52432729,125.9651861
184,Larchwood,90.8,23.4,5.2,32366,37.41734104,865,845,97.68786127,0,0,15,1.734104046,2,0.231213873,0,0,0,0,3,0.346820809,37.41734104,97.68786127,0,216005,14131,15.28589626,249.716763
185,Ossian,93.2,17,1.5,30771,31.98648649,962,949,98.64864865,0,0,0,0,0,0,0,0,5,0.51975052,8,0.831600832,31.98648649,98.64864865,0,34626,2612,13.25650842,35.99376299
186,Anthon,90.7,17.6,3.3,26858,40.08656716,670,645,96.26865672,0,0,2,0.298507463,9,1.343283582,0,0,0,0,14,2.089552239,40.08656716,96.26865672,0,103419,7005,14.76359743,154.3567164
187,Glenwood,91,23.9,3,26369,5.038983375,5233,5055,96.59850946,68,1.299445825,66,1.26122683,0,0,0,0,0,0,44,0.840817886,5.038983375,96.59850946,1.299445825,315366,24844,12.69384962,60.26485763
188,Tipton,91.9,15.2,6.8,31250,9.762574196,3201,3065,95.75132771,35,1.09340831,5,0.156201187,96,2.999062793,0,0,0,0,0,0,9.762574196,95.75132771,1.09340831,299399,24299,12.32145356,93.53295845
189,Conrad,93.5,23.5,4.8,36484,34.00186393,1073,1070,99.72041007,0,0,0,0,3,0.279589935,0,0,0,0,0,0,34.00186393,99.72041007,0,51340,4217,12.17453166,47.8471575
190,Gladbrook,95.6,18.2,6,35000,39.503386,886,859,96.95259594,21,2.37020316,4,0.451467269,0,0,0,0,0,0,2,0.225733634,39.503386,96.95259594,2.37020316,33860,3247,10.42808747,38.21670429
191,Belle Plaine,87.1,15.2,5.4,27043,10.55542545,2562,2523,98.47775176,0,0,0,0,7,0.273224044,0,0,0,0,32,1.2490242,10.55542545,98.47775176,0,261209,19613,13.31815632,101.9551132
192,Colesburg,86.4,11.9,5.4,31394,67.95238095,462,456,98.7012987,0,0,0,0,0,0,0,0,0,0,6,1.298701299,67.95238095,98.7012987,0,11777,988,11.92004049,25.49134199
193,Lake Park,94.6,18.8,6.5,30260,25.8411614,1171,1158,98.88983775,0,0,0,0,2,0.170794193,0,0,1,0.085397096,10,0.853970965,25.8411614,98.88983775,0,30636,2628,11.65753425,26.16225448
194,Postville,67.6,12.4,5.4,25229,11.06049978,2281,1954,85.66418238,172,7.540552389,27,1.183691363,17,0.745287155,0,0,41,1.797457256,70,3.068829461,11.06049978,85.66418238,7.540552389,34262,3014,11.36761778,15.020605
195,Sergeant Bluff,94.1,40.8,1.5,33036,7.509888611,4399,4019,91.36167311,2,0.045464878,10,0.227324392,130,2.955217095,0,0,0,0,238,5.410320527,7.509888611,91.36167311,0.045464878,188072,14237,13.21008639,42.75335303
196,Wellman,92.4,17.2,1.1,33606,24.61978022,1365,1285,94.13919414,20,1.465201465,0,0,8,0.586080586,0,0,5,0.366300366,47,3.443223443,24.61978022,94.13919414,1.465201465,84974,6474,13.12542478,62.25201465
197,Kellogg,90.7,6.5,5.9,28693,36.92792793,777,760,97.81209781,0,0,0,0,7,0.900900901,0,0,2,0.257400257,8,1.02960103,36.92792793,97.81209781,0,34523,2410,14.32489627,44.43114543
198,Forest City,92.5,20.5,7.5,24928,6.165718526,4043,3735,92.38189463,67,1.657185258,3,0.074202325,101,2.498144942,0,0,18,0.44521395,119,2.943358892,6.165718526,92.38189463,1.657185258,516359,40535,12.73859627,127.7167945
199,Story City,91.5,29.3,3.1,32119,9.383289512,3423,3128,91.38182881,51,1.489921122,75,2.191060473,13,0.379783815,0,0,11,0.321355536,145,4.236050248,9.383289512,91.38182881,1.489921122,157223,13428,11.70859398,45.93134677
200,Winthrop,95.6,17.7,3.4,35700,39.01639344,915,861,94.09836066,0,0,0,0,15,1.639344262,0,0,0,0,39,4.262295082,39.01639344,94.09836066,0,71166,5253,13.54768704,77.77704918
201,Schleswig,92,11,7.3,29750,36.91066998,806,730,90.5707196,1,0.124069479,10,1.240694789,16,1.985111663,0,0,4,0.496277916,45,5.583126551,36.91066998,90.5707196,0.124069479,102784,7034,14.6124538,127.5235732
202,Floyd,85.6,9.9,4,25893,70.93972603,365,352,96.43835616,0,0,0,0,4,1.095890411,2,0.547945205,0,0,7,1.917808219,70.93972603,96.43835616,0,136368,8977,15.19082099,373.6109589
203,Cambridge,93.3,26.1,4.7,38355,44.96483001,853,838,98.24150059,6,0.703399766,2,0.234466589,2,0.234466589,0,0,0,0,5,0.586166471,44.96483001,98.24150059,0.703399766,25233,1986,12.70543807,29.58147714
204,Parkersburg,92.8,21.7,3.3,31810,15.75532442,2019,1981,98.11788014,0,0,15,0.742942051,0,0,0,0,11,0.54482417,12,0.59435364,15.75532442,98.11788014,0,108863,9398,11.58363482,53.91926696
205,Lake View,90.7,19.9,6.7,31776,31.71257485,1002,990,98.80239521,8,0.798403194,0,0,0,0,0,0,4,0.399201597,0,0,31.71257485,98.80239521,0.798403194,184162,14254,12.92002245,183.7944112
206,Wapello,87.7,12.3,5.6,28368,14.75962539,1922,1868,97.19042664,8,0.416233091,0,0,4,0.208116545,0,0,36,1.873048907,6,0.312174818,14.75962539,97.19042664,0.416233091,95922,8001,11.98875141,49.90738814
207,Solon,98,43.8,3.5,40275,16.7882451,2399,2278,94.95623176,0,0,0,0,0,0,0,0,65,2.709462276,56,2.334305961,16.7882451,94.95623176,0,173260,12401,13.97145392,72.22175907
208,Keosauqua,95,19.3,6.3,33229,32.29251701,1029,1007,97.86200194,13,1.263362488,0,0,0,0,0,0,0,0,9,0.874635569,32.29251701,97.86200194,1.263362488,155749,11001,14.15771294,151.3595724
209,Camanche,95.5,17.2,4.3,32667,7.478708791,4368,4312,98.71794872,0,0,0,0,0,0,0,0,0,0,56,1.282051282,7.478708791,98.71794872,0,87183,6193,14.07766834,19.95947802
210,Pleasantville,93.4,16.7,2.6,31065,17.63053348,1762,1667,94.60839955,0,0,0,0,41,2.326901249,0,0,4,0.227014756,50,2.837684449,17.63053348,94.60839955,0,62987,4656,13.52813574,35.74744608
211,Grimes,97.7,48.6,3.2,45458,4.361734792,10422,10132,97.21742468,2,0.019190175,35,0.335828056,77,0.738821723,0,0,0,0,176,1.688735367,4.361734792,97.21742468,0.019190175,1078963,75403,14.30928478,103.5274419
212,Lawler,89.8,15.5,2.8,27328,84.34567901,324,324,100,0,0,0,0,0,0,0,0,0,0,0,0,84.34567901,100,0,69096,4557,15.16260698,213.2592593
213,Missouri Valley,90,13.3,5.2,30952,11.51059874,2689,2676,99.5165489,0,0,0,0,13,0.483451097,0,0,0,0,0,0,11.51059874,99.5165489,0,207186,15891,13.03794601,77.04946077
214,Evansdale,90.2,10.5,4.5,22088,4.607425949,4794,4461,93.05381727,0,0,18,0.375469337,0,0,0,0,14,0.292031706,301,6.278681685,4.607425949,93.05381727,0,533759,39365,13.55922774,111.3389654
215,Hiawatha,94.2,28.4,4.5,31552,4.406703911,7160,5905,82.47206704,801,11.18715084,0,0,155,2.164804469,15,0.209497207,0,0,284,3.966480447,4.406703911,82.47206704,11.18715084,256050,19206,13.33177132,35.76117318
216,Jesup,98.5,19.6,6.7,34763,12.3755785,2809,2765,98.43360627,0,0,0,0,0,0,0,0,7,0.249199003,37,1.317194731,12.3755785,98.43360627,0,80854,6567,12.3121669,28.78390886
217,West Branch,96.2,31.6,3.6,35830,13.8822162,2581,2471,95.73808601,0,0,0,0,11,0.426191399,0,0,44,1.704765595,55,2.130956993,13.8822162,95.73808601,0,69530,5715,12.16622922,26.93917086
218,Cascade,91,20.7,2.6,32047,16.20171891,1978,1966,99.39332659,12,0.606673407,0,0,0,0,0,0,0,0,0,0,16.20171891,99.39332659,0.606673407,131650,10067,13.07738154,66.55712841
219,Alden,88.5,9.2,5.1,31028,40.34850455,769,725,94.27828349,0,0,0,0,0,0,0,0,41,5.33159948,3,0.390117035,40.34850455,94.27828349,0,93956,7037,13.35171238,122.1794538
220,Paullina,90.2,17.8,1.4,29301,28.33752418,1034,1015,98.16247582,0,0,6,0.580270793,0,0,2,0.193423598,10,0.967117988,1,0.096711799,28.33752418,98.16247582,0,83760,7443,11.2535268,81.00580271
221,Le Grand,95.7,16,2.6,31467,31.62512563,995,926,93.06532663,14,1.407035176,0,0,6,0.603015075,0,0,13,1.306532663,36,3.618090452,31.62512563,93.06532663,1.407035176,61304,4882,12.55714871,61.6120603
222,Sibley,84.6,20.3,3,26414,9.904011999,2667,2493,93.47581552,6,0.224971879,0,0,21,0.787401575,0,0,111,4.161979753,36,1.349831271,9.904011999,93.47581552,0.224971879,233323,18240,12.79183114,87.48518935
223,Holy Cross,91.4,10.7,0.5,36364,107.2684366,339,333,98.2300885,0,0,0,0,0,0,0,0,0,0,6,1.769911504,107.2684366,98.2300885,0,83457,5712,14.61081933,246.1858407
224,Vinton,94.5,27.5,2.9,30503,5.904568331,5166,5119,99.09020519,25,0.483933411,0,0,21,0.406504065,0,0,0,0,1,0.019357336,5.904568331,99.09020519,0.483933411,303752,26113,11.63221384,58.79829655
225,Moravia,91.4,13.1,5.3,30000,37.87878788,792,778,98.23232323,0,0,0,0,0,0,0,0,0,0,14,1.767676768,37.87878788,98.23232323,0,55348,3519,15.72833191,69.88383838
226,Orange City,95,37.6,1.7,21698,3.526409881,6153,5624,91.40256785,40,0.650089387,1,0.016252235,138,2.242808386,0,0,320,5.200715098,30,0.48756704,3.526409881,91.40256785,0.650089387,399051,29250,13.64276923,64.85470502
227,Anita,92.3,15.9,7.3,27000,31.03448276,870,867,99.65517241,0,0,0,0,0,0,0,0,3,0.344827586,0,0,31.03448276,99.65517241,0,69026,5717,12.07381494,79.34022989
228,Ruthven,90.6,17.7,2.7,27266,37.35068493,730,709,97.12328767,0,0,0,0,6,0.821917808,0,0,0,0,15,2.054794521,37.35068493,97.12328767,0,33856,3152,10.74111675,46.37808219
229,Lake Mills,90.8,22.8,5.8,30745,15.16773557,2027,1930,95.21460286,0,0,69,3.404045387,0,0,0,0,7,0.345337938,21,1.036013814,15.16773557,95.21460286,0,111630,8907,12.53283934,55.07153429
230,Keota,90.6,14.7,10.8,24779,26.58690987,932,897,96.24463519,0,0,0,0,17,1.824034335,0,0,0,0,18,1.931330472,26.58690987,96.24463519,0,21500,2066,10.40658277,23.06866953
231,Le Claire,97.9,41.4,6.5,45493,11.57288222,3931,3653,92.92800814,93,2.365810226,7,0.178071737,0,0,0,0,23,0.585092852,155,3.943017044,11.57288222,92.92800814,2.365810226,495528,24390,20.31685117,126.0564742
232,Eddyville,98.3,17.3,10.8,26987,22.35874068,1207,1154,95.6089478,0,0,0,0,3,0.248550124,0,0,0,0,50,4.142502071,22.35874068,95.6089478,0,30030,2162,13.88991674,24.87986744
233,Dysart,94.2,16.9,6.4,31366,22.11988717,1418,1381,97.39069111,0,0,7,0.493653032,16,1.128349788,0,0,0,0,14,0.987306065,22.11988717,97.39069111,0,38410,2936,13.08242507,27.08744711
234,Central City,95.6,12,4.5,32574,24.67727273,1320,1285,97.34848485,26,1.96969697,0,0,9,0.681818182,0,0,0,0,0,0,24.67727273,97.34848485,1.96969697,74771,6082,12.29381782,56.64469697
235,Mediapolis,95.7,24.6,1.7,35714,23.25130208,1536,1476,96.09375,28,1.822916667,0,0,4,0.260416667,0,0,0,0,28,1.822916667,23.25130208,96.09375,1.822916667,109155,7900,13.81708861,71.06445313
236,Dunlap,84.8,14.5,0.4,26779,26.22820764,1021,990,96.96376102,0,0,12,1.175318315,10,0.979431929,0,0,0,0,9,0.881488737,26.22820764,96.96376102,0,123587,8332,14.83281325,121.0450539
237,Fontanelle,89.1,7.6,8.1,27679,41.49775112,667,662,99.25037481,0,0,0,0,1,0.149925037,0,0,0,0,4,0.59970015,41.49775112,99.25037481,0,54523,4433,12.29934582,81.74362819
238,Baxter,91.4,21.7,4.8,34813,32.20444033,1081,1069,98.88991674,0,0,12,1.110083256,0,0,0,0,0,0,0,0,32.20444033,98.88991674,0,31418,2536,12.38880126,29.06382979
239,Dayton,88.8,14,3.9,26071,37.03267045,704,678,96.30681818,0,0,3,0.426136364,0,0,0,0,4,0.568181818,19,2.698863636,37.03267045,96.30681818,0,58313,4233,13.77580912,82.83096591
240,Villisca,88.9,10.8,7.3,23516,18.73784861,1255,1207,96.1752988,0,0,24,1.912350598,0,0,0,0,15,1.195219124,9,0.717131474,18.73784861,96.1752988,0,10869,873,12.45017182,8.660557769
241,Stratford,89.7,14.7,6.8,31250,48.4496124,645,641,99.37984496,0,0,0,0,4,0.620155039,0,0,0,0,0,0,48.4496124,99.37984496,0,42077,3494,12.04264453,65.23565891
242,Inwood,88.5,13.6,1,32250,36.6894198,879,793,90.21615472,0,0,25,2.844141069,2,0.227531286,6,0.682593857,22,2.502844141,31,3.526734926,36.6894198,90.21615472,0,103173,7280,14.17211538,117.3754266
243,George,85.2,19.5,2.6,31190,30.97318769,1007,967,96.02780536,0,0,0,0,3,0.297914598,0,0,28,2.780536246,9,0.893743793,30.97318769,96.02780536,0,37787,3171,11.91643015,37.52432969
244,Melbourne,94.5,14.5,3.6,31042,37.80998782,821,794,96.71132765,3,0.365408039,0,0,5,0.609013398,0,0,2,0.243605359,17,2.070645554,37.80998782,96.71132765,0.365408039,8616,731,11.78659371,10.49451888
245,Griswold,87.3,14.2,9.4,23977,20.38860544,1176,1130,96.08843537,0,0,0,0,16,1.360544218,0,0,0,0,30,2.551020408,20.38860544,96.08843537,0,10945,1005,10.89054726,9.306972789
246,Shellsburg,95.5,14.6,1.8,35912,32.73655424,1097,1082,98.63263446,15,1.367365542,0,0,0,0,0,0,0,0,0,0,32.73655424,98.63263446,1.367365542,82380,6571,12.53690458,75.09571559
247,Blue Grass,90.1,18.1,4.7,37391,23.92258477,1563,1537,98.33653231,6,0.383877159,11,0.703774792,0,0,0,0,5,0.319897633,4,0.255918106,23.92258477,98.33653231,0.383877159,75133,6268,11.98675814,48.06973768
248,Wilton,94.9,25.5,3.7,35409,12.61004274,2808,2771,98.68233618,7,0.249287749,0,0,0,0,0,0,4,0.142450142,26,0.925925926,12.61004274,98.68233618,0.249287749,77522,6693,11.58254893,27.60754986
249,Polk City,98.1,39.7,0.9,49960,12.14094775,4115,4038,98.12879708,0,0,0,0,13,0.315917375,0,0,5,0.121506683,59,1.433778858,12.14094775,98.12879708,0,190399,13927,13.67121419,46.26950182
250,Tiffin,96.7,30.5,1.5,41580,16.43478261,2530,2221,87.78656126,43,1.699604743,0,0,31,1.225296443,0,0,129,5.098814229,106,4.18972332,16.43478261,87.78656126,1.699604743,69264,4949,13.99555466,27.3770751
251,New Virginia,94.6,13.8,7.8,32143,58.12477396,553,550,99.45750452,0,0,0,0,3,0.542495479,0,0,0,0,0,0,58.12477396,99.45750452,0,31585,2322,13.60249785,57.11573237
252,Ellsworth,95.1,25.6,1.5,31612,55.07317073,574,494,86.06271777,0,0,0,0,4,0.696864111,0,0,68,11.8466899,8,1.393728223,55.07317073,86.06271777,0,50688,3908,12.9703173,88.30662021
253,Reinbeck,96.9,24.1,7.9,36228,20.52577904,1765,1750,99.15014164,0,0,0,0,7,0.396600567,0,0,0,0,8,0.45325779,20.52577904,99.15014164,0,34098,2892,11.79045643,19.31898017
254,De Soto,92.2,22,6.5,30568,28.70234742,1065,1033,96.99530516,0,0,0,0,2,0.187793427,0,0,0,0,30,2.816901408,28.70234742,96.99530516,0,73036,5463,13.36921106,68.57840376
255,Neola,97.3,17.6,1.9,35929,36.73721881,978,963,98.46625767,0,0,0,0,0,0,0,0,0,0,15,1.533742331,36.73721881,98.46625767,0,42487,3052,13.92103539,43.44274029
256,Casey,91.7,10.7,3.7,25938,66.33759591,391,375,95.90792839,0,0,0,0,0,0,0,0,0,0,16,4.092071611,66.33759591,95.90792839,0,25446,1678,15.16448153,65.07928389
257,Adair,96.6,19,6.8,32639,40.14637146,813,788,96.92496925,4,0.49200492,1,0.12300123,4,0.49200492,0,0,3,0.36900369,13,1.59901599,40.14637146,96.92496925,0.49200492,43108,2755,15.64718693,53.02337023
258,Walnut,91.4,15.3,5,27067,38.33852691,706,687,97.30878187,0,0,0,0,6,0.849858357,0,0,2,0.283286119,11,1.558073654,38.33852691,97.30878187,0,34582,2283,15.14761279,48.98300283
259,Lamoni,87.8,32.9,6,9158,3.500764526,2616,2309,88.26452599,162,6.19266055,34,1.29969419,6,0.229357798,14,0.535168196,20,0.764525994,71,2.714067278,3.500764526,88.26452599,6.19266055,71191,4868,14.62428102,27.21368502
260,Center Point,96.2,22.5,2.4,40313,16.08017551,2507,2433,97.04826486,21,0.837654567,0,0,4,0.159553251,0,0,0,0,49,1.954527323,16.08017551,97.04826486,0.837654567,71366,6701,10.65005223,28.46669326
261,Garnavillo,85.3,13.2,1.6,26719,32.42597087,824,811,98.4223301,2,0.242718447,1,0.121359223,0,0,0,0,0,0,10,1.213592233,32.42597087,98.4223301,0.242718447,6620,530,12.49056604,8.033980583
262,Alton,90.1,27,0.8,30708,23.17584906,1325,1211,91.39622642,9,0.679245283,0,0,6,0.452830189,0,0,79,5.962264151,20,1.509433962,23.17584906,91.39622642,0.679245283,78063,5970,13.0758794,58.9154717
263,Palo,95.9,20.2,2.7,40558,39.14864865,1036,998,96.33204633,15,1.447876448,0,0,0,0,0,0,0,0,23,2.22007722,39.14864865,96.33204633,1.447876448,54675,3842,14.23086934,52.77509653
264,Sloan,96,25.3,3.2,31449,26.38338926,1192,1104,92.61744966,0,0,77,6.459731544,0,0,0,0,0,0,11,0.922818792,26.38338926,92.61744966,0,71071,4949,14.36067893,59.62332215
265,Windsor Heights,94.5,47,6.4,37525,7.535140562,4980,4319,86.72690763,26,0.522088353,0,0,189,3.795180723,0,0,249,5,197,3.955823293,7.535140562,86.72690763,0.522088353,58978,3941,14.96523725,11.84297189
266,Buffalo Center,89,22.6,4,35432,42.13079667,841,830,98.69203329,0,0,0,0,0,0,0,0,0,0,11,1.307966706,42.13079667,98.69203329,0,60520,5323,11.36952846,71.96195006
267,Garner,96.3,26.7,0,31378,10.15140731,3091,3003,97.15302491,13,0.420575865,0,0,0,0,9,0.291167907,1,0.03235199,65,2.102879327,10.15140731,97.15302491,0.420575865,155221,13081,11.86614173,50.21708185
268,Pomeroy,91.3,16.8,2.7,20875,28.6351166,729,687,94.23868313,27,3.703703704,5,0.685871056,0,0,0,0,0,0,10,1.371742112,28.6351166,94.23868313,3.703703704,4718,410,11.50731707,6.471879287
269,Fayette,87.3,30.7,8.5,6563,5.487458194,1196,930,77.75919732,125,10.45150502,0,0,79,6.605351171,0,0,28,2.341137124,34,2.842809365,5.487458194,77.75919732,10.45150502,87150,6358,13.70714061,72.86789298
270,Coon Rapids,91.4,20.6,3.8,30801,22.46608315,1371,1358,99.05178702,0,0,9,0.656455142,0,0,0,0,0,0,4,0.291757841,22.46608315,99.05178702,0,62558,4663,13.41582672,45.62946754
271,West Liberty,75.3,13.8,6.4,30628,8.195879047,3737,3074,82.25849612,0,0,0,0,114,3.050575328,12,0.321113192,345,9.232004282,192,5.137811078,8.195879047,82.25849612,0,168690,10271,16.42391199,45.14048702
272,Sanborn,89.5,16.1,3.8,30848,21.95587189,1405,1354,96.37010676,0,0,0,0,0,0,0,0,33,2.348754448,18,1.28113879,21.95587189,96.37010676,0,65609,5609,11.69709396,46.69679715
273,Okoboji,99.2,48.6,5.5,28500,35.01228501,814,775,95.20884521,0,0,0,0,23,2.825552826,0,0,0,0,16,1.965601966,35.01228501,95.20884521,0,29233,2192,13.33622263,35.91277641
274,Treynor,98.2,35.9,0.4,37500,39.18495298,957,952,99.47753396,0,0,0,0,0,0,0,0,0,0,5,0.52246604,39.18495298,99.47753396,0,25501,1903,13.40042039,26.64681296
275,Malvern,90.2,20.8,4.5,38750,39.46028513,982,973,99.08350305,1,0.101832994,4,0.407331976,0,0,0,0,4,0.407331976,0,0,39.46028513,99.08350305,0.101832994,30048,2183,13.76454421,30.598778
276,Dows,91.2,16.2,2.6,24792,49.8832998,497,459,92.35412475,15,3.018108652,0,0,0,0,0,0,13,2.615694165,10,2.012072435,49.8832998,92.35412475,3.018108652,19936,1676,11.89498807,40.11267606
277,Huxley,95.5,37,7.5,39750,11.44214162,3474,3410,98.15774324,19,0.546919977,0,0,45,1.295336788,0,0,0,0,0,0,11.44214162,98.15774324,0.546919977,75758,5047,15.01050129,21.80713874
278,Grand Junction,91.7,9.6,13.9,24643,29.40692124,838,838,100,0,0,0,0,0,0,0,0,0,0,0,0,29.40692124,100,0,20096,1535,13.09185668,23.98090692
279,Exira,86.6,8.1,5.9,26767,30.38251986,881,860,97.61634506,11,1.248581158,0,0,0,0,0,0,0,0,10,1.13507378,30.38251986,97.61634506,1.248581158,31792,2484,12.79871176,36.08626561
280,Nora Springs,92.7,15,2.8,30074,19.19208679,1567,1520,97.00063816,10,0.638162093,0,0,0,0,0,0,2,0.127632419,35,2.233567326,19.19208679,97.00063816,0.638162093,26940,2341,11.50790261,17.19208679
281,Akron,86.5,14.3,4.6,25769,17.35286195,1485,1477,99.46127946,0,0,0,0,0,0,0,0,0,0,8,0.538720539,17.35286195,99.46127946,0,31070,2495,12.45290581,20.92255892
282,Gilmore City,91.7,13.6,7.5,30000,63.55932203,472,470,99.57627119,0,0,0,0,2,0.423728814,0,0,0,0,0,0,63.55932203,99.57627119,0,19495,1627,11.98217578,41.3029661
283,Ely,97.6,37.4,4,45455,21.31036099,2133,2039,95.59306142,5,0.234411627,0,0,18,0.843881857,0,0,7,0.328176278,64,3.000468823,21.31036099,95.59306142,0.234411627,30647,2191,13.98767686,14.36802625
284,Afton,89.4,11.5,5.7,27457,28.39400207,967,953,98.55222337,2,0.206825233,6,0.620475698,2,0.206825233,0,0,0,0,4,0.413650465,28.39400207,98.55222337,0.206825233,31999,2394,13.3663325,33.0910031
285,Preston,90.4,13.9,1.4,29219,28.17647059,1037,1029,99.22854388,0,0,2,0.192864031,0,0,0,0,0,0,6,0.578592093,28.17647059,99.22854388,0,10143,846,11.9893617,9.781099325
286,Clarksville,86.7,10.5,5.8,30443,23.85815047,1276,1253,98.19749216,10,0.78369906,0,0,0,0,0,0,0,0,13,1.018808777,23.85815047,98.19749216,0.78369906,40626,3454,11.76201506,31.83855799
287,Scranton,90.4,9.8,14.4,22950,40.61946903,565,565,100,0,0,0,0,0,0,0,0,0,0,0,0,40.61946903,100,0,20794,1530,13.59084967,36.80353982
288,Delmar,92.8,16.8,5.4,31597,63.57545272,497,472,94.96981891,0,0,17,3.420523139,0,0,0,0,6,1.207243461,2,0.402414487,63.57545272,94.96981891,0,11239,883,12.72819932,22.61368209
289,Glidden,93.9,19.1,5.5,27313,19.20745429,1422,1400,98.45288326,17,1.195499297,5,0.35161744,0,0,0,0,0,0,0,0,19.20745429,98.45288326,1.195499297,28285,2130,13.27934272,19.89099859
290,Walker,93.1,10.9,2.5,35742,42.49940547,841,841,100,0,0,0,0,0,0,0,0,0,0,0,0,42.49940547,100,0,21135,1567,13.48755584,25.13079667
291,Colo,93.3,17.2,5,30964,34.94808126,886,875,98.75846501,0,0,0,0,0,0,0,0,2,0.225733634,9,1.015801354,34.94808126,98.75846501,0,39066,3032,12.88456464,44.09255079
292,Urbana,93.6,22.4,2,44048,30.50415512,1444,1408,97.50692521,30,2.077562327,2,0.138504155,0,0,0,0,0,0,4,0.27700831,30.50415512,97.50692521,2.077562327,34925,2702,12.92561066,24.18628809
293,Buffalo,85.9,5.6,3.2,31575,25.75448613,1226,1203,98.12398042,5,0.407830343,12,0.978792822,0,0,0,0,2,0.163132137,4,0.326264274,25.75448613,98.12398042,0.407830343,33458,2563,13.05423332,27.2903752
294,Sheffield,91.8,17.5,5.7,31210,24.32579891,1283,1265,98.59703819,0,0,0,0,4,0.311769291,0,0,4,0.311769291,10,0.779423227,24.32579891,98.59703819,0,24107,2081,11.58433445,18.78955573
295,Donnellson,92.3,14.2,2.2,29758,34.60232558,860,854,99.30232558,0,0,0,0,0,0,0,0,0,0,6,0.697674419,34.60232558,99.30232558,0,20303,1334,15.21964018,23.60813953
296,Goldfield,89.7,10.3,2.9,30673,48.84235669,628,626,99.68152866,0,0,0,0,2,0.318471338,0,0,0,0,0,0,48.84235669,99.68152866,0,20179,1732,11.65069284,32.13216561
297,Traer,92.2,20.2,5,31740,18.28341014,1736,1705,98.21428571,0,0,0,0,6,0.34562212,3,0.17281106,3,0.17281106,19,1.094470046,18.28341014,98.21428571,0,95442,8152,11.70780177,54.9781106
298,Mechanicsville,94.9,21.1,1.1,31607,30.04467681,1052,1047,99.52471483,0,0,0,0,0,0,0,0,0,0,5,0.475285171,30.04467681,99.52471483,0,28108,1970,14.2680203,26.71863118
299,Ireton,91.5,22,1.6,26481,39.82105263,665,601,90.37593985,2,0.30075188,4,0.601503759,2,0.30075188,0,0,0,0,56,8.421052632,39.82105263,90.37593985,0.30075188,16087,1075,14.96465116,24.19097744
300,Durant,93.9,22.8,1.2,36226,17.82775591,2032,1976,97.24409449,0,0,8,0.393700787,5,0.246062992,0,0,0,0,43,2.116141732,17.82775591,97.24409449,0,69461,5948,11.67804304,34.18356299
301,Sutherland,92.6,12,2.6,27000,45.37815126,595,586,98.48739496,4,0.672268908,0,0,0,0,3,0.504201681,0,0,2,0.336134454,45.37815126,98.48739496,0.672268908,40862,3265,12.5151608,68.67563025
302,Allison,92.6,16.5,2.9,33583,27.48199673,1222,1148,93.94435352,9,0.736497545,0,0,59,4.828150573,0,0,0,0,6,0.490998363,27.48199673,93.94435352,0.736497545,75212,6695,11.23405527,61.54828151
303,Hamburg,89.7,16.6,3.7,25417,22.7955157,1115,1085,97.30941704,0,0,5,0.448430493,0,0,0,0,0,0,25,2.242152466,22.7955157,97.30941704,0,20466,1378,14.85195936,18.35515695
304,Whittemore,97.7,12.3,2,31333,62.16865079,504,485,96.23015873,12,2.380952381,5,0.992063492,0,0,0,0,2,0.396825397,0,0,62.16865079,96.23015873,2.380952381,13344,973,13.71428571,26.47619048
305,Slater,98.4,39.1,1,38707,23.93753865,1617,1603,99.13419913,0,0,7,0.432900433,0,0,0,0,0,0,7,0.432900433,23.93753865,99.13419913,0,43410,3189,13.61241769,26.84601113
306,Woodward,77.9,9.2,4,33347,20.57186922,1621,1524,94.01603948,43,2.652683529,0,0,0,0,0,0,7,0.431832202,47,2.899444787,20.57186922,94.01603948,2.652683529,28494,2194,12.98723792,17.57803825
307,Farmington,83.1,8.5,4.3,22340,23.24661811,961,913,95.00520291,0,0,0,0,0,0,0,0,0,0,48,4.994797086,23.24661811,95.00520291,0,27643,1998,13.83533534,28.7648283
308,Grand Mound,96,16.7,4.2,29107,52.2567325,557,549,98.56373429,1,0.179533214,0,0,0,0,0,0,0,0,7,1.256732496,52.2567325,98.56373429,0.179533214,37275,2967,12.56319515,66.92100539
309,Farley,95.2,17,0.8,37586,22.26658768,1688,1685,99.82227488,0,0,0,0,0,0,0,0,0,0,3,0.177725118,22.26658768,99.82227488,0,29061,2306,12.60234172,17.21623223
310,Rock Valley,89,19.8,3.6,26688,7.366271046,3623,3553,98.06789953,21,0.579630141,0,0,13,0.358818659,0,0,23,0.634833011,13,0.358818659,7.366271046,98.06789953,0.579630141,128708,9055,14.2140254,35.52525531
311,Pacific Junction,76.5,6.3,3.4,25417,62.44963145,407,384,94.34889435,19,4.668304668,4,0.982800983,0,0,0,0,0,0,0,0,62.44963145,94.34889435,4.668304668,95733,6414,14.92563143,235.2162162
312,Fonda,88.6,13.9,3.9,28958,55.15809524,525,505,96.19047619,2,0.380952381,0,0,0,0,2,0.380952381,0,0,16,3.047619048,55.15809524,96.19047619,0.380952381,14929,1152,12.95920139,28.43619048
313,Maxwell,96.4,20.4,1.9,36042,42.95828367,839,809,96.42431466,0,0,0,0,21,2.502979738,0,0,0,0,9,1.072705602,42.95828367,96.42431466,0,31442,2481,12.67311568,37.47556615
314,Van Meter,96.1,32.7,1.4,36771,29.27627389,1256,1247,99.28343949,0,0,0,0,2,0.159235669,0,0,0,0,7,0.557324841,29.27627389,99.28343949,0,18148,1379,13.16026106,14.44904459
315,Sully,93.9,15.3,1.9,30071,35.67141163,843,781,92.64531435,22,2.609727165,0,0,0,0,0,0,0,0,40,4.744958482,35.67141163,92.64531435,2.609727165,14403,969,14.86377709,17.08540925
316,Carter Lake,90.2,17.4,8.7,31875,8.466135458,3765,3548,94.23638778,102,2.709163347,26,0.690571049,0,0,0,0,14,0.37184595,75,1.992031873,8.466135458,94.23638778,2.709163347,76234,5238,14.55402826,20.24807437
317,Swea City,88.2,14.9,1,24844,44.44364937,559,511,91.41323792,0,0,19,3.398926655,0,0,0,0,16,2.862254025,13,2.325581395,44.44364937,91.41323792,0,47254,3862,12.23562921,84.53309481
318,Prairie City,94.1,22.2,2.5,36050,18.27166751,1973,1931,97.87126204,9,0.456158135,0,0,3,0.152052712,0,0,2,0.101368474,28,1.419158642,18.27166751,97.87126204,0.456158135,22182,1913,11.5953999,11.2427775
319,Wellsburg,92.8,20.2,4.8,31875,34.31108719,929,903,97.20129171,0,0,0,0,3,0.322927879,0,0,0,0,23,2.475780409,34.31108719,97.20129171,0,18058,1661,10.871764,19.43810549
320,Peosta,95.4,32,2.8,36406,19.35459862,1881,1711,90.96225412,95,5.050505051,1,0.053163211,6,0.318979266,0,0,0,0,68,3.615098352,19.35459862,90.96225412,5.050505051,32478,2221,14.62314273,17.26634769
321,Bevington,90,0,5.9,29167,540.1296296,54,53,98.14814815,0,0,1,1.851851852,0,0,0,0,0,0,0,0,540.1296296,98.14814815,0,36263,2593,13.98495951,671.537037
322,Baldwin,90.9,7.3,6.7,19688,134.8493151,146,145,99.31506849,0,0,0,0,0,0,0,0,0,0,1,0.684931507,134.8493151,99.31506849,0,28270,2285,12.37199125,193.630137
323,Bondurant,94.2,34.8,1.1,43068,8.479621973,5079,4939,97.24355188,0,0,0,0,82,1.614491042,0,0,0,0,58,1.141957078,8.479621973,97.24355188,0,82743,5926,13.96270672,16.29119905
324,Elma,92.3,12,0.8,30819,54.83807829,562,560,99.64412811,0,0,0,0,0,0,0,0,0,0,2,0.355871886,54.83807829,99.64412811,0,75488,5982,12.61919091,134.3202847
325,Hudson,98.3,34.5,4.7,41672,17.26263463,2414,2392,99.08864954,0,0,0,0,11,0.455675228,0,0,11,0.455675228,0,0,17.26263463,99.08864954,0,31974,2249,14.21698533,13.24523612
326,Dakota City,90.6,9.2,2.8,31250,43.82889201,713,711,99.71949509,0,0,0,0,0,0,0,0,0,0,2,0.280504909,43.82889201,99.71949509,0,12760,1195,10.67782427,17.89621318
327,Early,95.9,17.2,5.8,27330,39.09871245,699,650,92.98998569,36,5.150214592,0,0,0,0,0,0,0,0,13,1.859799714,39.09871245,92.98998569,5.150214592,19451,1409,13.80482612,27.82689557
328,Nashua,91.6,13.6,7.6,26613,16.49907006,1613,1607,99.62802232,0,0,0,0,0,0,0,0,0,0,6,0.371977681,16.49907006,99.62802232,0,37382,3258,11.47391037,23.17544947
329,Lovilia,91.1,5.3,16.9,25893,43.155,600,600,100,0,0,0,0,0,0,0,0,0,0,0,0,43.155,100,0,7415,456,16.26096491,12.35833333
330,Murray,93.2,7.6,5.3,30801,46.59757943,661,655,99.09228442,0,0,0,0,0,0,0,0,0,0,6,0.907715582,46.59757943,99.09228442,0,1572,117,13.43589744,2.378214826
331,Lisbon,93.8,26.2,4.1,36716,19.24318658,1908,1827,95.75471698,31,1.624737945,18,0.943396226,0,0,0,0,13,0.681341719,19,0.995807128,19.24318658,95.75471698,1.624737945,76510,6020,12.70930233,40.09958071
332,Rolfe,82.4,15.2,3.5,26094,45.61888112,572,535,93.53146853,0,0,0,0,0,0,0,0,30,5.244755245,7,1.223776224,45.61888112,93.53146853,0,21697,1470,14.75986395,37.93181818
333,Harpers Ferry,89.1,14.7,4.5,24063,89.78731343,268,268,100,0,0,0,0,0,0,0,0,0,0,0,0,89.78731343,100,0,17293,1386,12.47691198,64.5261194
334,Earlham,97.4,28,2.8,37649,24.7202889,1523,1487,97.63624425,36,2.363755745,0,0,0,0,0,0,0,0,0,0,24.7202889,97.63624425,2.363755745,19367,1496,12.94585561,12.71634931
335,Granger,93.4,38.3,1.8,43856,30.01779603,1461,1414,96.78302533,7,0.479123888,1,0.06844627,0,0,0,0,35,2.395619439,4,0.273785079,30.01779603,96.78302533,0.479123888,25701,2226,11.5458221,17.59137577
336,Zwingle,83.6,7.5,0,38125,366.5865385,104,97,93.26923077,0,0,0,0,0,0,0,0,0,0,7,6.730769231,366.5865385,93.26923077,0,24733,1659,14.90837854,237.8173077
337,Graettinger,88.3,11.2,2.5,29432,41.10614525,716,700,97.76536313,12,1.675977654,0,0,0,0,0,0,4,0.558659218,0,0,41.10614525,97.76536313,1.675977654,31845,2651,12.01244813,44.47625698
338,Elkader,92.8,24,4.6,29659,22.38415094,1325,1309,98.79245283,6,0.452830189,0,0,4,0.301886792,0,0,0,0,6,0.452830189,22.38415094,98.79245283,0.452830189,43094,3117,13.82547321,32.52377358
339,Princeton,93,24.3,4.4,40237,36.57909091,1100,1027,93.36363636,0,0,0,0,0,0,0,0,5,0.454545455,68,6.181818182,36.57909091,93.36363636,0,16312,1407,11.59346127,14.82909091
340,Aurelia,92.7,16.6,5.5,32305,33.82722513,955,929,97.27748691,0,0,0,0,14,1.465968586,0,0,0,0,12,1.256544503,33.82722513,97.27748691,0,8467,652,12.98619632,8.865968586
341,Springville,94.9,16.1,6.5,35781,33.44018692,1070,1070,100,0,0,0,0,0,0,0,0,0,0,0,0,33.44018692,100,0,16463,1386,11.87806638,15.38598131
342,Hazleton,90.9,3.6,8,24375,30.69899244,794,775,97.6070529,2,0.251889169,12,1.511335013,0,0,0,0,0,0,5,0.629722922,30.69899244,97.6070529,0.251889169,25351,1709,14.83382095,31.92821159
343,Eldon,83.6,7.3,12.2,28750,32.30337079,890,874,98.20224719,0,0,10,1.123595506,0,0,0,0,6,0.674157303,0,0,32.30337079,98.20224719,0,17846,1315,13.57110266,20.05168539
344,Martensdale,93.2,9.7,7.2,31765,70.27654867,452,448,99.11504425,0,0,0,0,0,0,0,0,1,0.221238938,3,0.663716814,70.27654867,99.11504425,0,11368,712,15.96629213,25.15044248
345,Wheatland,89.1,10.2,6.7,30833,43.30477528,712,688,96.62921348,0,0,0,0,4,0.561797753,0,0,0,0,20,2.808988764,43.30477528,96.62921348,0,10657,820,12.99634146,14.96769663
346,Lost Nation,84.3,14.2,1.9,29583,60.00608519,493,487,98.78296146,0,0,0,0,0,0,0,0,3,0.60851927,3,0.60851927,60.00608519,98.78296146,0,13371,1001,13.35764236,27.12170385
347,Wall Lake,90.5,15.8,3.1,30809,39.65122265,777,777,100,0,0,0,0,0,0,0,0,0,0,0,0,39.65122265,100,0,10416,842,12.37054632,13.40540541
348,Alta,88.8,17.7,3.4,28707,13.64401141,2104,1923,91.3973384,17,0.807984791,0,0,26,1.235741445,1,0.047528517,108,5.133079848,29,1.378326996,13.64401141,91.3973384,0.807984791,8486,604,14.04966887,4.033269962
349,Merrill,88.9,13.7,6.1,30259,36.50060314,829,766,92.40048251,0,0,0,0,3,0.361881785,16,1.930036188,42,5.066344994,2,0.241254524,36.50060314,92.40048251,0,6421,457,14.05032823,7.745476478
350,Danville,94.7,19.4,1.9,31389,29.09082484,1079,1018,94.34661724,18,1.668211307,0,0,2,0.185356812,0,0,0,0,41,3.799814643,29.09082484,94.34661724,1.668211307,5768,333,17.32132132,5.345690454
351,Stanwood,89.9,15.1,3.3,28611,50.90925267,562,554,98.57651246,0,0,1,0.177935943,3,0.533807829,0,0,0,0,4,0.711743772,50.90925267,98.57651246,0,15257,961,15.87617066,27.14768683
352,Raymond,95.7,20.1,3.1,36736,44.31363088,829,799,96.38118215,0,0,0,0,0,0,0,0,0,0,30,3.618817853,44.31363088,96.38118215,0,23165,1573,14.726637,27.94330519
353,Crescent,90.5,20.9,2.2,40550,77.68199234,522,511,97.89272031,0,0,0,0,0,0,0,0,0,0,11,2.107279693,77.68199234,97.89272031,0,10620,595,17.8487395,20.34482759
354,Carlisle,97.3,31.4,3.3,38505,9.552220293,4031,3838,95.21210618,0,0,0,0,44,1.091540561,0,0,0,0,149,3.696353262,9.552220293,95.21210618,0,84526,6396,13.21544715,20.96899032
355,Latimer,81.3,13.1,5.8,26146,52.39679359,499,431,86.37274549,29,5.811623246,3,0.601202405,14,2.805611222,0,0,17,3.406813627,5,1.002004008,52.39679359,86.37274549,5.811623246,8285,675,12.27407407,16.60320641
356,Humeston,93.5,9.6,1.1,30333,75.8325,400,393,98.25,0,0,2,0.5,0,0,0,0,0,0,5,1.25,75.8325,98.25,0,7652,603,12.68988391,19.13
357,Montrose,91.6,6.4,5.3,29643,31.20315789,950,909,95.68421053,0,0,0,0,0,0,0,0,5,0.526315789,36,3.789473684,31.20315789,95.68421053,0,8196,580,14.13103448,8.627368421
358,Fairfax,98,40.8,2.3,48346,19.99421009,2418,2386,98.67659222,0,0,0,0,9,0.372208437,0,0,0,0,23,0.951199338,19.99421009,98.67659222,0,10798,772,13.98704663,4.465674111
359,New Sharon,94.6,18.5,7.1,32287,25.56373713,1263,1222,96.75376089,0,0,12,0.950118765,3,0.237529691,0,0,0,0,26,2.058590657,25.56373713,96.75376089,0,14368,964,14.90456432,11.37608868
360,Hospers,92.2,15.7,2.7,35000,46.2962963,756,745,98.54497354,0,0,0,0,3,0.396825397,0,0,0,0,8,1.058201058,46.2962963,98.54497354,0,9148,582,15.71821306,12.1005291
361,Manly,89.9,12.4,3.5,22569,14.55125725,1551,1471,94.8420374,6,0.386847195,4,0.25789813,2,0.128949065,0,0,5,0.322372663,63,4.061895551,14.55125725,94.8420374,0.386847195,10904,711,15.33614627,7.03030303
362,Corwith,85.3,16.2,8.1,25179,109.473913,230,230,100,0,0,0,0,0,0,0,0,0,0,0,0,109.473913,100,0,11037,798,13.83082707,47.98695652
363,Victor,91.8,12.3,3.4,30881,30.09844055,1026,1021,99.51267057,2,0.194931774,3,0.292397661,0,0,0,0,0,0,0,0,30.09844055,99.51267057,0.194931774,12112,868,13.95391705,11.80506823
364,Delaware,97.2,15.7,1,34000,255.6390977,133,130,97.7443609,0,0,0,0,0,0,0,0,0,0,3,2.255639098,255.6390977,97.7443609,0,10479,767,13.66232073,78.78947368
365,Delhi,93.6,22.5,0,32000,71.91011236,445,443,99.5505618,0,0,0,0,0,0,0,0,2,0.449438202,0,0,71.91011236,99.5505618,0,2914,189,15.41798942,6.548314607
366,Minden,92.9,24.3,2.8,41400,65.29968454,634,634,100,0,0,0,0,0,0,0,0,0,0,0,0,65.29968454,100,0,6133,397,15.44836272,9.673501577
367,Walford,98.6,33.5,2.3,48152,33.71988796,1428,1393,97.54901961,5,0.350140056,0,0,6,0.420168067,0,0,15,1.050420168,9,0.630252101,33.71988796,97.54901961,0.350140056,10129,648,15.63117284,7.093137255
368,Robins,98.2,52.9,2.6,50770,14.78450786,3434,3151,91.75888177,73,2.125800815,0,0,184,5.358182877,0,0,4,0.116482236,22,0.640652301,14.78450786,91.75888177,2.125800815,4371,234,18.67948718,1.272859639
369,Lohrville,91.1,21.9,6.5,29167,75.95572917,384,378,98.4375,0,0,3,0.78125,1,0.260416667,0,0,1,0.260416667,1,0.260416667,75.95572917,98.4375,0,3527,226,15.60619469,9.184895833
370,Shelby,93.3,13.8,3.7,28654,43.81345566,654,648,99.08256881,0,0,0,0,4,0.611620795,0,0,0,0,2,0.305810398,43.81345566,99.08256881,0,1350,95,14.21052632,2.064220183
371,Gilbertville,92.5,14.5,3.6,30909,42.75103734,723,703,97.23374827,0,0,0,0,0,0,0,0,0,0,20,2.766251729,42.75103734,97.23374827,0,2150,147,14.62585034,2.973720609
372,Runnells,97.5,10.1,4.5,40231,78.27042802,514,499,97.08171206,5,0.972762646,1,0.194552529,1,0.194552529,0,0,0,0,8,1.556420233,78.27042802,97.08171206,0.972762646,4273,235,18.18297872,8.313229572
373,Seymour,84.4,10.1,7.8,24702,37.6554878,656,637,97.10365854,12,1.829268293,0,0,0,0,0,0,0,0,7,1.067073171,37.6554878,97.10365854,1.829268293,2764,180,15.35555556,4.213414634
374,Tabor,88.3,20.1,2.5,33242,27.02601626,1230,1206,98.04878049,11,0.894308943,6,0.487804878,3,0.243902439,0,0,0,0,4,0.325203252,27.02601626,98.04878049,0.894308943,4588,210,21.84761905,3.730081301
375,Mitchellville,90.3,9,6.1,30329,13.35490973,2271,2023,89.07970057,162,7.1334214,31,1.365037428,8,0.352267723,0,0,0,0,47,2.069572875,13.35490973,89.07970057,7.1334214,5058,226,22.38053097,2.227212682
376,Albert City,90.9,17,4.1,26510,45.00848896,589,549,93.20882852,17,2.886247878,0,0,2,0.339558574,0,0,7,1.188455008,14,2.376910017,45.00848896,93.20882852,2.886247878,1710,88,19.43181818,2.903225806
377,Atkins,94.6,30.8,2,45823,26.75014594,1713,1665,97.19789842,0,0,0,0,26,1.51780502,0,0,0,0,22,1.284296556,26.75014594,97.19789842,0,3360,206,16.31067961,1.961471103
378,Alburnett,95.3,21.6,3.4,32115,50.73459716,633,618,97.63033175,0,0,0,0,0,0,0,0,0,0,15,2.369668246,50.73459716,97.63033175,0,667,40,16.675,1.05371248
379,Stanton,91.7,20,3.1,34236,49.97956204,685,681,99.41605839,0,0,0,0,0,0,0,0,0,0,4,0.583941606,49.97956204,99.41605839,0,1160,70,16.57142857,1.693430657
380,Washta,86.2,17.4,8.5,22500,114.213198,197,188,95.43147208,0,0,0,0,6,3.045685279,0,0,0,0,3,1.52284264,114.213198,95.43147208,0,375,32,11.71875,1.903553299
381,Van Horne,95.5,20.1,5.3,31731,40.57672634,782,700,89.5140665,0,0,2,0.255754476,5,0.639386189,0,0,19,2.429667519,56,7.16112532,40.57672634,89.5140665,0,530,25,21.2,0.677749361
382,Cumming,98.9,48.7,1.7,61406,147.9662651,415,407,98.07228916,0,0,0,0,1,0.240963855,0,0,0,0,7,1.686746988,147.9662651,98.07228916,0,14610,876,16.67808219,35.20481928
383,Templeton,87.7,13.8,3.6,29821,77.65885417,384,383,99.73958333,1,0.260416667,0,0,0,0,0,0,0,0,0,0,77.65885417,99.73958333,0.260416667,216,4,54,0.5625
