"","city","high.school","bachelor","unemployment","income","population","pop.white","pop.black","pop.indian","pop.asian","pop.hawai","pop.other","pop.multi","income_per_capita","prop_white","prop_black","total.sale","total.volume","price"
"1","Cedar Falls",95.6,43.4,4.7,22434,40828,37938,939,120,1192,45,158,436,0.549475849906927,92.921524444009,2.29989223082198,4943947,339266,14.5724800009432
"2","Gowrie",91.1,21.6,8.2,30643,1047,977,3,0,6,0,0,61,29.2674307545368,93.3142311365807,0.286532951289398,86254,6546,13.1765963947449
"3","Waterloo",87.5,22,8.3,29201,68357,52104,10744,270,1346,254,1670,1969,0.427183755869918,76.2233567886244,15.7174832131311,9631196,627241,15.3548572239378
"4","West Union",92.5,26,6.2,26134,2592,2413,116,20,37,0,0,6,10.0825617283951,93.0941358024691,4.47530864197531,267066,22291,11.9808891480867
"5","Rockwell",92.5,11.8,3.1,33281,1100,1062,32,0,0,0,0,6,30.2554545454545,96.5454545454545,2.90909090909091,91209,7519,12.1304694773241
"6","Fort Atkinson",87.7,13.3,4.3,32031,259,252,0,0,0,0,0,7,123.671814671815,97.2972972972973,0,87999,7136,12.3316984304933
"7","Waukon",85.1,17.6,5.9,25617,3786,3670,0,0,0,0,20,96,6.7662440570523,96.9360802958267,0,642261,49512,12.9718250121183
"8","Des Moines",87.2,25.2,7.1,28776,212859,164184,23469,993,11722,183,5109,7199,0.135188082251631,77.1327498484913,11.0256085014023,38071367,2390490,15.9261770599333
"9","Keokuk",89.4,15.1,10.3,24935,10628,9333,528,43,82,0,122,520,2.34616108392924,87.8152051185548,4.9680090327437,1981922,135475,14.629429784093
"10","Sac City",92.7,18.9,5.4,26389,2185,2111,6,0,0,0,2,66,12.0773455377574,96.6132723112128,0.274599542334096,305805,25410,12.0348288075561
"11","Clarinda",88.8,23.5,5.2,25348,5431,4978,306,19,29,0,34,65,4.66728042717732,91.6589946602836,5.63432148775548,401558,28210,14.2345976604041
"12","Winterset",91.5,16.3,7.6,31022,5158,4979,1,0,146,0,26,6,6.01434664598682,96.5296626599457,0.019387359441644,576401,43114,13.369230412395
"13","Spirit Lake",95.5,29.2,2.9,31108,4992,4831,14,16,22,0,12,97,6.23157051282051,96.7748397435898,0.280448717948718,2139653,160604,13.3225386665338
"14","Altoona",94.5,31.2,4.7,40522,16692,16026,122,13,189,0,7,335,2.42763000239636,96.0100647016535,0.730889048646058,2212755,152679,14.4928575639086
"15","Perry",77.8,13.3,2.4,25372,7876,6839,171,9,104,0,558,195,3.22143219908583,86.8334179786694,2.17115286947689,528510,42986,12.2949332340762
"16","Iowa City",94.9,59.9,4.4,18553,72385,57006,5108,176,5906,151,2160,1878,0.256310008979761,78.7538854735097,7.05671064447054,9532087,624686,15.2590053242749
"17","Storm Lake",65.6,15.4,5.8,21889,10768,7195,544,0,1638,223,962,206,2.0327823179792,66.8183506686478,5.0520059435364,1595214,113863,14.0099417721297
"18","Corning",88.2,19,3.2,30058,1598,1559,5,0,12,0,3,19,18.8097622027534,97.5594493116395,0.312891113892365,179649,13276,13.5318620066285
"19","Cresco",90.7,15.1,4.3,30165,3839,3730,18,0,0,0,2,89,7.85751497785882,97.1607189372232,0.468872102109924,641780,51336,12.5015583606046
"20","Shenandoah",83.3,22.1,2.2,29452,5030,4694,73,17,141,0,10,95,5.85526838966203,93.3200795228628,1.45129224652087,743835,51850,14.3459016393443
"21","Dubuque",91.4,29.7,5,25838,58535,53089,2380,45,877,338,252,1554,0.441411121551209,90.6961646877936,4.06594345263518,7351791,503703,14.5954878172256
"22","Oakland",92.6,24.1,2.8,35313,1544,1500,1,0,2,0,21,20,22.8711139896373,97.1502590673575,0.0647668393782384,106661,8341,12.7875554489869
"23","Indianola",94.9,28.4,7.5,26250,15343,14670,84,36,91,51,66,345,1.71087792478655,95.6136348823568,0.547480935931695,1475981,107339,13.7506498104137
"24","Guthrie Center",87.5,13.7,3.9,28333,1650,1557,23,0,1,0,17,52,17.1715151515152,94.3636363636364,1.39393939393939,81074,6509,12.4556767552619
"25","Hampton",83.8,18.7,2.8,29104,4326,3785,99,0,0,0,412,30,6.72769301895516,87.4942209893666,2.28848821081831,452687,35560,12.7302305961755
"26","West Bend",93.1,16,1.1,29306,851,813,3,0,1,0,12,22,34.4371327849589,95.5346650998825,0.352526439482961,124798,11062,11.2816850479118
"27","Anamosa",89.7,13.8,8.5,23285,5459,4841,402,124,14,0,38,40,4.26543322952922,88.6792452830189,7.36398607803627,620676,50235,12.355449387877
"28","Arlington",90.7,10.7,5,27159,526,512,0,3,0,0,0,11,51.6330798479087,97.3384030418251,0,28878,2739,10.5432639649507
"29","Ames",97.4,63.4,6,12027,64073,53532,1994,123,6146,29,278,1971,0.187707770823904,83.5484525463144,3.11207528912334,7325051,502801,14.5684893228136
"30","Ankeny",97.4,45.9,3.2,40608,53413,50255,658,0,1161,0,101,1238,0.76026435511954,94.0875816748731,1.23190983468444,4594334,308929,14.8718119697406
"31","Boone",95.8,19.3,4.7,29826,12609,12212,262,53,27,0,8,47,2.36545324768023,96.8514553096994,2.07788087873741,1216408,91448,13.3016359023707
"32","Burlington",90.8,19.1,6.9,25217,25492,22550,2030,68,89,0,92,663,0.989212301898635,88.4591244311941,7.96328259846226,2553971,170881,14.9459038746262
"33","Cedar Rapids",94,31.8,4.7,32529,129537,112299,8045,329,3447,41,1204,4172,0.251117441348804,86.6926052016026,6.2105807607093,18271501,1249614,14.6217159858964
"34","Marion",96.1,34.2,3.9,38340,37198,34765,858,22,577,0,177,799,1.03070057529975,93.4593257702027,2.30657562234529,2106737,157369,13.3872427225184
"35","Mason City",92.5,21.4,4.9,27246,27546,25872,524,93,343,0,178,536,0.98910912655195,93.9228926159878,1.90227256225949,3752779,286853,13.0825858540786
"36","Newton",91.8,15.9,5.8,27290,15090,14413,235,52,133,0,0,257,1.80848243870113,95.5135851557323,1.55732273028496,1450338,109565,13.2372381691234
"37","Red Oak",86.8,12.8,12.3,26322,5547,5177,0,0,0,0,152,218,4.74526771227691,93.3297277807824,0,577897,42939,13.4585574885302
"38","West Des Moines",96.2,54.9,2.7,42796,61624,53262,2301,73,4061,51,693,1183,0.694469687134883,86.4306114500844,3.73393483058549,9838929,592948,16.5932408912755
"39","Centerville",88.5,17.9,7.8,24692,5404,5204,54,3,60,0,0,83,4.56920799407846,96.299037749815,0.999259807549963,710531,52563,13.5177025664441
"40","Urbandale",96.6,49.5,4,45947,41578,37296,1574,20,1436,107,175,970,1.10507960940882,89.7012843330608,3.7856558757035,2952657,186843,15.8028772819961
"41","Fort Dodge",90.1,22.8,7.7,22426,24626,21898,1560,99,401,0,348,320,0.91066352635426,88.9222772679282,6.3347681312434,3256355,234269,13.9000678706957
"42","Iowa Falls",91.6,18.2,4.8,27740,5176,5013,79,26,21,0,12,25,5.35935085007728,96.8508500772797,1.52627511591963,826140,59139,13.9694617764927
"43","Ottumwa",83.9,16.5,7.4,25827,24709,21712,781,19,313,70,1434,380,1.04524667125339,87.8708163017524,3.16079161439152,2366392,164666,14.3708598010518
"44","Marshalltown",79.7,19.5,7.1,27243,27637,21427,460,93,1238,15,3550,854,0.985743749321562,77.5301226616492,1.66443535839635,2729343,189049,14.4372252696391
"45","Osceola",87.2,17.2,5.5,28269,4992,4633,4,0,61,0,139,155,5.66286057692308,92.8084935897436,0.0801282051282051,564496,41724,13.5292877001246
"46","Chariton",90.2,14.5,5.6,27863,4219,4115,7,0,0,0,0,97,6.60417160464565,97.5349608912065,0.165916093861105,369919,26684,13.862951581472
"47","Creston",93,16.7,3.4,26244,7877,7589,122,24,66,7,0,69,3.33172527612035,96.3437857052177,1.54881299987305,887090,65879,13.4654442235007
"48","Davenport",91.2,26.7,5.1,30275,102305,83300,11694,331,2240,17,1412,3311,0.295928840232638,81.423195347246,11.4305263672352,13251726,877507,15.1015615829845
"49","Estherville",88,20.4,6.5,25433,6027,5746,120,13,27,11,42,68,4.21984403517505,95.3376472540236,1.99104031856645,563186,44840,12.5599018733274
"50","Mount Pleasant",91.8,18.6,2.8,26229,8491,7315,385,39,472,0,73,207,3.08903544929926,86.1500412201154,4.53421269579555,1029259,71906,14.3139515478541
"51","Albia",83.9,18.6,4.9,31408,3795,3620,5,0,11,0,118,41,8.27615283267457,95.3886693017128,0.131752305665349,288395,21243,13.5760015063786
"52","Spencer",93.4,21.5,3.6,30011,11172,10617,47,4,0,0,192,312,2.68626924453992,95.032223415682,0.420694593626924,1448957,117249,12.3579476157579
"53","Knoxville",92,15.9,6.3,26362,7236,6947,38,48,45,0,22,136,3.64317302377004,96.0060807075732,0.525152017689331,796630,58667,13.5788433020267
"54","Muscatine",85.9,19.6,5.1,30046,23909,21266,732,33,301,0,731,846,1.25668158434062,88.945585344431,3.06160859927224,2621441,187528,13.9789311462822
"55","Charles City",85.3,21,3.3,23003,7496,6760,247,65,245,0,37,142,3.06870330843116,90.1814300960512,3.29509071504803,927546,70310,13.1922343905561
"56","Grinnell",93.4,31.1,4.1,16878,9112,8272,294,15,365,5,24,137,1.85228270412643,90.7813871817384,3.22651448639157,965345,68314,14.1309980384694
"57","Washington",91.5,17.8,6.7,23673,7368,6841,145,46,58,11,153,114,3.21294788273616,92.8474484256243,1.96796959826276,1137692,77542,14.6719455262954
"58","Fort Madison",92.3,11.8,8.2,28808,10769,10087,334,0,44,0,16,288,2.67508589469774,93.6670071501532,3.1014950320364,1051377,76087,13.8180898182344
"59","Algona",94.4,24.2,0.7,34392,5496,5431,6,0,15,0,11,33,6.25764192139738,98.8173216885007,0.109170305676856,948866,73771,12.8623171707039
"60","Johnston",96.6,56.7,3.8,58077,19491,17976,403,14,760,52,19,267,2.97968293058335,92.2271817762044,2.06762095326048,1236256,83503,14.8049291642216
"61","Atlantic",88,21.1,1.9,25953,6817,6627,21,46,30,23,15,55,3.80709989731553,97.2128502273728,0.30805339592196,1012777,74501,13.5941396759775
"62","Carroll",91.9,25.1,1.6,31591,9990,9498,269,0,0,0,70,153,3.16226226226226,95.0750750750751,2.69269269269269,2039061,150008,13.5930150391979
"63","Sioux City",83.8,20.9,5.5,26599,82666,69363,3119,1373,2612,133,3370,2696,0.321764691650739,83.9075315123509,3.77301429850241,8784571,581437,15.1083797556743
"64","Denison",66.1,10.7,6.2,30187,8326,7556,244,42,31,0,270,183,3.6256305548883,90.7518616382416,2.93057890944031,1117922,83308,13.4191434195996
"65","Cherokee",86.6,17.6,3.6,26007,5113,4944,64,36,29,0,15,25,5.08644631331899,96.6946997848621,1.25171132407589,668894,51723,12.9322351758405
"66","Coralville",95.5,55.4,2.9,35773,20078,15437,2270,9,1846,0,333,183,1.78170136467776,76.8851479230999,11.3059069628449,5146272,296404,17.3623567833093
"67","Oskaloosa",91.2,24.9,7.3,26210,11538,10904,227,8,224,0,70,105,2.27162419830127,94.5051135378748,1.96741202981453,1185453,86363,13.7263990366245
"68","Fairfield",95.5,38.1,8.9,19661,9942,7565,997,0,633,0,257,490,1.97756990545162,76.0913297123315,10.028163347415,806978,55459,14.550893452821
"69","Webster City",90.2,19.7,3.1,30928,7825,7155,46,0,342,0,269,13,3.95246006389776,91.4376996805112,0.587859424920128,684628,55012,12.4450665309387
"70","Bettendorf",97.3,49.1,4.3,42397,35048,31018,1196,118,1819,0,411,486,1.20968386213193,88.5014836795252,3.41246290801187,5006320,308554,16.2251016029609
"71","Le Mars",90.6,18.7,3.8,36924,9826,9066,87,44,69,42,320,198,3.75778546712803,92.2654182780379,0.885406065540403,1297765,92905,13.9687314999193
"72","Humboldt",93.8,22.4,3.6,27122,4602,4470,4,12,22,0,4,90,5.8935245545415,97.1316818774446,0.0869187309865276,591971,46561,12.7138807156204
"73","Council Bluffs",87.7,18,5.4,30096,62326,57736,1249,231,565,5,1187,1353,0.482880338863396,92.6354972242724,2.00397907775246,8718184,579442,15.0458268472082
"74","Clinton",89.9,19.6,5.6,27086,26148,23792,1251,80,168,0,147,710,1.03587272449136,90.9897506501453,4.78430472693896,2847891,205148,13.8821289995515
"75","Eldora",92.2,23.7,4.1,24785,2663,2390,76,6,85,0,15,91,9.30717236199775,89.7484040555764,2.85392414570034,246243,21213,11.6081176636968
"76","Pella",90.8,36.3,3.3,23300,10280,9639,98,0,270,0,158,115,2.26653696498054,93.7645914396887,0.953307392996109,868679,59452,14.6114344345018
"77","Harlan",88.5,23.9,2.7,26558,5008,4590,47,6,31,0,201,133,5.30311501597444,91.6533546325879,0.93849840255591,741809,54083,13.7161215169277
"78","Waverly",95.6,37,3.3,22270,10049,9377,233,32,153,0,94,160,2.21614090954324,93.3127674395462,2.31863867051448,1378148,104029,13.2477289986446
"79","Bedford",92.8,16,3.8,24786,1446,1396,12,2,16,0,6,14,17.1410788381743,96.5421853388658,0.829875518672199,59589,4558,13.0734971478719
"80","Mount Ayr",88.8,19.3,7.5,27357,1958,1840,8,8,21,0,57,24,13.9719101123596,93.973442288049,0.408580183861083,139272,10810,12.8836262719704
"81","Corydon",91,16.1,4.1,27500,1544,1508,18,12,4,0,0,2,17.8108808290155,97.6683937823834,1.16580310880829,94007,7196,13.0637854363535
"82","Sioux Center",87.4,36.5,0.4,23226,7370,6662,41,29,59,0,509,70,3.15142469470828,90.393487109905,0.556309362279512,662400,48475,13.6647756575554
"83","Sheldon",92.5,27.6,2.8,27467,5015,4633,21,0,77,0,222,62,5.47696909272183,92.382851445663,0.418743768693918,799090,61969,12.8949958850393
"84","Waukee",98.2,53.1,1,44655,16955,15517,246,0,452,28,112,600,2.63373636095547,91.5187260395164,1.45089943969331,1203589,73232,16.435287852305
"85","Leon",85.1,13.9,7,22734,1995,1962,1,0,18,0,0,14,11.3954887218045,98.3458646616541,0.050125313283208,94188,6778,13.8961345529655
"86","Jefferson",91.5,20.3,5.5,25481,4207,4082,12,9,31,5,0,68,6.0568100784407,97.0287615878298,0.285238887568338,359466,26847,13.3894289864789
"87","Clive",95,54.9,3.3,46338,17022,15307,357,59,792,0,235,272,2.7222418047233,89.9248031958642,2.09728586535072,732924,48389,15.1465002376573
"88","Lake City",87.6,21.2,4.8,23203,1759,1699,27,0,12,0,0,21,13.1910176236498,96.5889710062536,1.5349630471859,115107,9743,11.8143282356564
"89","Bloomfield",94.7,18.3,7.4,27708,2622,2585,2,0,17,0,0,18,10.5675057208238,98.5888634630053,0.07627765064836,93510,7929,11.7934165720772
"90","Denver",97.5,25.4,1.2,36106,1814,1773,5,0,22,0,0,14,19.9040793825799,97.7398015435502,0.275633958103638,89409,7201,12.4161921955284
"91","Colfax",94.5,20.6,10.9,31064,1925,1802,7,0,8,21,5,82,16.1371428571429,93.6103896103896,0.363636363636364,115358,9677,11.9208432365403
"92","Britt",90.8,16.4,3.9,33640,1919,1867,8,3,5,0,23,13,17.5299635226681,97.2902553413236,0.416883793642522,113067,10890,10.3826446280992
"93","Clarion",86.1,18.6,8.3,26998,2783,2267,24,0,49,0,387,56,9.70104204096299,81.4588573481854,0.862378727991376,136425,10753,12.6871570724449
"94","Adel",93.7,32,3.1,37130,4030,3956,20,0,0,0,0,54,9.21339950372208,98.1637717121588,0.496277915632754,306111,23762,12.882375220941
"95","Montezuma",94.3,18.7,6.4,33149,1591,1567,0,0,0,0,0,24,20.8353236957888,98.4915147705845,0,234189,16765,13.9689233522219
"96","Clear Lake",94,25.1,2.2,30478,7644,7366,58,25,123,0,47,25,3.98717948717949,96.3631606488749,0.75876504447933,1638256,121490,13.4846983290806
"97","Manchester",89.9,18.6,2.6,30320,5083,5048,24,5,0,0,0,6,5.96498131024985,99.3114302577218,0.472162108990754,860886,63577,13.5408402409676
"98","Milford",93,17.3,3.2,28455,2991,2939,17,15,0,0,0,20,9.5135406218656,98.2614510197258,0.568371782012705,1161633,83299,13.94534148069
"99","Riceville",92.5,14.3,10.5,30263,834,792,0,0,0,0,0,42,36.2865707434053,94.9640287769784,0,27143,2409,11.2673308426733
"100","Columbus Junction",69.9,10.8,4.1,26844,2214,1626,84,0,337,0,148,19,12.1246612466125,73.4417344173442,3.7940379403794,130085,8854,14.6922295007906
"101","Marengo",90.2,10.6,2.4,25875,2927,2809,30,0,0,3,40,45,8.84010932695593,95.9685685001708,1.02494021182098,287040,25677,11.1788760369202
"102","Norwalk",96.7,36.5,5.4,42061,9944,9746,0,53,7,0,77,61,4.22978680611424,98.0088495575221,0,453957,35432,12.8120625423346
"103","De Witt",96.5,29.3,4.7,35863,5264,5067,1,0,74,0,20,102,6.81287993920973,96.2575987841945,0.0189969604863222,271795,23049,11.7920517159096
"104","Stuart",91.7,15.6,3.8,27108,1528,1521,2,0,0,0,0,5,17.7408376963351,99.5418848167539,0.130890052356021,171325,13498,12.6926211290562
"105","Panora",87.1,21.1,0.7,30104,1097,1092,0,0,5,0,0,0,27.4421148587056,99.5442114858706,0,172305,13134,13.1190041114664
"106","Marcus",90.8,23,2.6,31722,1146,1100,0,5,0,0,0,41,27.6806282722513,95.9860383944154,0,34453,2699,12.7650981845128
"107","Bellevue",87.2,18.2,2.5,32158,2193,2183,0,0,3,0,0,7,14.6639306885545,99.5440036479708,0,275575,19089,14.4363245848394
"108","Rockwell City",91.3,13,1.6,16436,2212,2031,103,19,9,0,7,43,7.43037974683544,91.8173598553345,4.65641952983725,78560,7157,10.9766662009222
"109","Monticello",92.4,12.8,3.2,31788,3809,3805,1,0,0,0,0,3,8.34549750590706,99.8949855605146,0.0262536098713573,464581,39517,11.7564845509528
"110","Primghar",89.7,17.6,2.5,34946,973,858,10,0,7,0,93,5,35.9157245632066,88.1808838643371,1.02774922918808,91431,6747,13.5513561582926
"111","Osage",95.3,18.3,3.7,28225,3631,3534,5,26,0,0,6,60,7.77334067749931,97.3285596254475,0.137703112090333,243742,20276,12.0212073387256
"112","Alta Vista",92,8,1.3,30927,301,296,0,0,2,0,0,3,102.747508305648,98.3388704318937,0,5695,454,12.5440528634361
"113","Eagle Grove",86.8,15.7,9.3,26862,3468,3350,11,24,0,0,36,47,7.74567474048443,96.5974625144175,0.317185697808535,249204,20171,12.3545684398394
"114","Kingsley",95.4,20.8,3.7,34118,1436,1411,9,0,0,0,0,16,23.7590529247911,98.2590529247911,0.626740947075209,65155,5249,12.4128405410554
"115","Tripoli",87.3,12.1,2.1,30732,1316,1270,0,0,0,39,0,7,23.3525835866261,96.5045592705167,0,186465,15512,12.020693656524
"116","West Burlington",90.9,13.5,4.5,20331,2978,2733,83,0,37,0,0,125,6.82706514439221,91.773002014775,2.78710543989255,743008,51444,14.4430448643185
"117","Bussey",89.5,9.9,7.7,24423,578,577,0,1,0,0,0,0,42.2543252595156,99.8269896193772,0,14756,1542,9.56939040207523
"118","Hartley",88.3,11.5,1.4,29615,1717,1602,12,13,21,0,24,45,17.2481071636575,93.302271403611,0.69889341875364,142642,12054,11.8335822133732
"119","Oelwein",85.8,14.9,4,25000,6195,5930,19,76,21,0,33,116,4.03551251008878,95.7223567393059,0.306698950766747,673146,55680,12.0895474137931
"120","Ackley",88.8,20,4,30790,1738,1715,0,0,0,0,15,8,17.7157652474108,98.6766398158803,0,58058,5057,11.4807197943445
"121","Chester",91.8,6.3,13.8,23333,263,243,10,0,10,0,0,0,88.7186311787072,92.3954372623574,3.80228136882129,2996,232,12.9137931034483
"122","Grundy Center",94.5,25.6,5.4,31728,2705,2672,33,0,0,0,0,0,11.7293900184843,98.7800369685767,1.21996303142329,192323,16040,11.9902119700748
"123","Logan",88.2,21.5,1.5,36786,1540,1485,7,7,0,7,0,34,23.887012987013,96.4285714285714,0.454545454545455,66729,5717,11.6720307853769
"124","Maquoketa",92.8,16.3,8.3,25028,6025,5627,25,7,32,120,0,214,4.15402489626556,93.3941908713693,0.4149377593361,829789,65832,12.6046451573703
"125","Ida Grove",89.3,18.5,4.3,28048,2203,2187,1,7,0,0,1,7,12.7317294598275,99.2737176577394,0.0453926463912846,235474,18642,12.6313700246755
"126","Emmetsburg",94.3,25.5,1.5,28400,3803,3574,149,9,38,0,0,33,7.46778858795688,93.9784380752038,3.91795950565343,544170,42405,12.8326848249027
"127","Laurens",92,15.3,2.6,31726,1272,1155,54,6,16,0,19,22,24.9418238993711,90.8018867924528,4.24528301886792,116221,10533,11.033988417355
"128","Audubon",86.6,13,2.6,25868,2043,1953,2,34,7,0,0,47,12.6617719040627,95.5947136563877,0.0978952520802741,128960,11619,11.0990618814012
"129","Ogden",93.1,19,6.5,29531,2069,2028,0,0,0,0,9,32,14.2730787820203,98.0183663605607,0,77266,6093,12.6811094698835
"130","West Point",95.5,15.1,7.5,31483,1020,997,0,0,0,0,0,23,30.8656862745098,97.7450980392157,0,214770,13347,16.0912564621263
"131","Fairbank",96.8,16.2,3.3,33750,1168,1134,0,24,0,0,0,10,28.8955479452055,97.0890410958904,0,52734,4560,11.5644736842105
"132","Holstein",95.4,28.9,5.4,29471,1416,1350,0,39,9,0,8,10,20.8128531073446,95.3389830508475,0,240057,16284,14.7418938835667
"133","Belmond",91.5,14.5,3.3,33262,2686,2551,0,0,16,0,92,27,12.3834698436337,94.9739389426657,0,258406,20825,12.4084513805522
"134","Northwood",91.3,16.9,11.2,27625,1931,1838,51,2,3,0,0,37,14.3060590367685,95.1838425686173,2.64111859140342,207552,16960,12.2377358490566
"135","Greene",87.8,17.2,2.7,31724,1115,1104,0,0,0,11,0,0,28.4520179372197,99.0134529147982,0,35772,3159,11.32383665717
"136","Everly",89.2,12.3,5.6,24632,624,621,0,0,0,0,1,2,39.474358974359,99.5192307692308,0,8007,674,11.879821958457
"137","Monona",90.2,20.3,2.9,28438,1495,1470,0,0,16,0,0,9,19.0220735785953,98.3277591973244,0,160927,12289,13.0952070957767
"138","Wesley",88.9,11.6,2.2,33750,333,321,4,0,1,0,0,7,101.351351351351,96.3963963963964,1.2012012012012,226448,16030,14.1265127885215
"139","Fredericksburg",92.9,16.4,4.2,28846,1159,1110,33,0,2,0,0,14,24.8886971527179,95.772217428818,2.84728213977567,37597,3714,10.1230479267636
"140","Mount Vernon",99.2,65.8,1.4,16218,4487,4120,50,0,52,4,13,248,3.61444172052596,91.8208156897705,1.11433028749721,2216051,155453,14.2554405511634
"141","Remsen",92.8,12.7,3.3,31179,1824,1808,0,0,0,0,0,16,17.09375,99.1228070175439,0,120063,8822,13.6094989798232
"142","Avoca",89.7,22.6,3.4,31336,1478,1447,0,0,0,0,0,31,21.2016238159675,97.9025710419486,0,344311,23411,14.7072316432446
"143","Rock Rapids",90.8,28,1.8,32421,2569,2562,4,0,2,0,1,0,12.6200856364344,99.7275204359673,0.155702608018684,316325,23665,13.366786393408
"144","Sumner",94.7,20.3,4.4,30045,2205,2178,0,17,0,0,0,10,13.6258503401361,98.7755102040816,0,90649,7444,12.1774583557227
"145","Decorah",95.6,41.6,2.4,12340,7985,7639,152,33,79,0,22,60,1.54539762053851,95.6668753913588,1.90356919223544,1181316,85454,13.8239988765886
"146","Onawa",90.6,15,6.4,25235,2906,2723,46,110,0,0,0,27,8.68375774260151,93.7026841018582,1.58293186510668,286070,21294,13.434300741993
"147","Armstrong",89.5,12.9,3.5,27059,898,888,0,0,0,0,0,10,30.1325167037862,98.8864142538975,0,46065,3835,12.0117340286832
"148","Eldridge",96,33.2,6.5,35597,6122,5865,170,0,0,0,0,87,5.81460307089187,95.8020254818687,2.77687030382228,424970,32408,13.1131202172303
"149","Dyersville",90.8,22.8,1.4,32530,4180,4180,0,0,0,0,0,0,7.7822966507177,100,0,442772,38945,11.3691616382077
"150","Sigourney",91.8,21.2,5.1,31995,2105,1984,1,7,34,7,29,43,15.1995249406176,94.2517814726841,0.0475059382422803,116870,10184,11.475844461901
"151","Manning",91.4,21.5,8.8,25907,1509,1475,2,0,16,0,0,16,17.1683233929755,97.7468522200133,0.132538104705103,96680,6956,13.8987924094307
"152","Lenox",83.1,9.3,4.8,24837,1424,1275,0,11,18,0,120,0,17.4417134831461,89.5365168539326,0,45255,3594,12.5918196994992
"153","Hawarden",82.4,18.5,7,28590,2538,2130,3,0,0,0,377,28,11.2647754137116,83.9243498817967,0.118203309692671,124931,10021,12.4669194691149
"154","New Hampton",87.8,18.4,3.9,32611,3478,3390,32,7,31,0,12,6,9.37636572742956,97.4698102357677,0.920069005175388,211195,19315,10.9342479937872
"155","Guttenberg",91.2,13.2,4.3,26326,1956,1876,6,3,0,0,0,71,13.459100204499,95.9100204498977,0.306748466257669,243653,18045,13.5025214740925
"156","Pocahontas",94.7,15.7,3.9,30417,1789,1741,38,0,0,0,0,10,17.0022358859698,97.3169368362214,2.12409167132476,176254,15962,11.0420999874702
"157","Independence",91.7,19.4,2.6,28876,6005,5852,49,0,84,0,20,0,4.80865945045795,97.4521232306411,0.815986677768526,776095,58763,13.2072052141654
"158","Strawberry Point",90.8,11.1,4.6,31389,1357,1353,2,0,0,0,0,2,23.1311717022845,99.7052321296979,0.147383935151069,62209,5295,11.7486307837583
"159","La Porte City",94.1,19.7,2.4,33125,2403,2380,0,5,9,0,0,9,13.7848522679983,99.0428630878069,0,123256,9327,13.2149672992388
"160","Swisher",99,38,2,46174,846,825,0,4,4,0,0,13,54.5791962174941,97.5177304964539,0,226650,9328,24.2978130360206
"161","Madrid",91.5,17.4,2.6,35351,2585,2541,0,7,0,0,0,37,13.6754352030948,98.2978723404255,0,78900,6355,12.4154209284028
"162","Alvord",94.8,7.8,2.1,28182,236,213,0,1,2,2,8,10,119.415254237288,90.2542372881356,0,153,13,11.7692307692308
"163","Bancroft",95.8,17.2,2.7,30919,712,672,24,0,0,0,8,8,43.4255617977528,94.3820224719101,3.37078651685393,302605,20112,15.045992442323
"164","Otho",89.2,8.8,6.2,28611,493,487,0,0,0,0,3,3,58.0344827586207,98.7829614604462,0,15996,1297,12.3330763299923
"165","Schaller",85.8,16.9,3.9,26641,795,744,0,0,0,4,40,7,33.5106918238994,93.5849056603774,0,8658,840,10.3071428571429
"166","Manson",94.9,15.2,1.5,29279,1825,1767,0,4,2,0,3,49,16.0432876712329,96.8219178082192,0,132118,10538,12.5372936040994
"167","Riverside",94.1,17.3,4,30821,1054,1036,3,0,0,0,0,15,29.241935483871,98.292220113852,0.284629981024668,205329,12180,16.857881773399
"168","Williamsburg",91.1,21.3,0,31189,3144,3095,0,0,0,0,0,49,9.92016539440204,98.441475826972,0,248882,19677,12.648371194796
"169","North Liberty",96.9,49.5,0.7,41282,16984,15271,977,0,433,0,63,240,2.4306406029204,89.9140367404616,5.75247291568535,1103682,71508,15.4343849639201
"170","Mapleton",84.7,22.2,4.7,30000,1299,1299,0,0,0,0,0,0,23.094688221709,100,0,229663,16756,13.7063141561232
"171","Toledo",81,11.4,6.6,26973,2258,2136,26,22,6,6,31,31,11.9455270150576,94.5969884853853,1.15146147032772,454974,34774,13.0837407258296
"172","Nevada",93.8,22.9,4.9,35297,6796,6643,32,0,37,0,6,78,5.1937904649794,97.7486756915833,0.470865214832254,407842,32621,12.5024370804083
"173","Brooklyn",92.1,17.7,4.9,31317,1422,1404,0,0,0,0,0,18,22.0232067510549,98.7341772151899,0,112066,8302,13.4986750180679
"174","State Center",93.2,19.3,3.8,31375,1337,1271,0,4,4,0,58,0,23.4667165295438,95.0635751682872,0,51555,4448,11.5906025179856
"175","Edgewood",91.2,9.8,7.9,32202,795,763,2,0,20,0,1,9,40.5056603773585,95.9748427672956,0.251572327044025,43193,3578,12.0718278367803
"176","Sioux Rapids",91.4,15.7,2,30129,729,721,2,0,0,0,2,4,41.3292181069959,98.9026063100137,0.274348422496571,84300,7057,11.9455859430353
"177","Monroe",93.8,18.6,7.8,35107,1875,1840,0,0,7,0,0,28,18.7237333333333,98.1333333333333,0,61108,4837,12.6334504858383
"178","Greenfield",92,15.3,2.4,31750,1951,1925,1,0,20,0,5,0,16.2737057919016,98.6673500768837,0.0512557662737058,135140,10874,12.4278094537429
"179","Hubbard",86.6,15.2,5.4,37917,891,880,8,0,0,0,0,3,42.5555555555556,98.7654320987654,0.897867564534231,41272,4046,10.2006920415225
"180","North English",87.9,16.1,3.6,31097,1148,1111,0,0,0,0,0,37,27.0879790940767,96.7770034843206,0,46971,4913,9.56055363321799
"181","Arnolds Park",96.8,20.9,9.7,25156,1024,969,15,4,0,0,8,28,24.56640625,94.62890625,1.46484375,403051,27152,14.8442472009428
"182","Woodbine",90.4,21.4,5.1,30114,1645,1598,0,15,0,0,8,24,18.3063829787234,97.1428571428571,0,57198,4618,12.3858813339108
"183","Lansing",96.8,15.7,6.7,27574,833,816,2,3,8,0,0,4,33.1020408163265,97.9591836734694,0.240096038415366,104929,9105,11.5243272926963
"184","Larchwood",90.8,23.4,5.2,32366,865,845,0,15,2,0,0,3,37.4173410404624,97.6878612716763,0,216005,14131,15.2858962564574
"185","Ossian",93.2,17,1.5,30771,962,949,0,0,0,0,5,8,31.9864864864865,98.6486486486486,0,34626,2612,13.2565084226646
"186","Anthon",90.7,17.6,3.3,26858,670,645,0,2,9,0,0,14,40.0865671641791,96.2686567164179,0,103419,7005,14.7635974304069
"187","Glenwood",91,23.9,3,26369,5233,5055,68,66,0,0,0,44,5.03898337473724,96.5985094592012,1.29944582457481,315366,24844,12.693849621639
"188","Tipton",91.9,15.2,6.8,31250,3201,3065,35,5,96,0,0,0,9.76257419556389,95.7513277100906,1.09340830990316,299399,24299,12.3214535577596
"189","Conrad",93.5,23.5,4.8,36484,1073,1070,0,0,3,0,0,0,34.0018639328984,99.7204100652377,0,51340,4217,12.1745316575765
"190","Gladbrook",95.6,18.2,6,35000,886,859,21,4,0,0,0,2,39.5033860045147,96.9525959367946,2.37020316027088,33860,3247,10.4280874653526
"191","Belle Plaine",87.1,15.2,5.4,27043,2562,2523,0,0,7,0,0,32,10.5554254488681,98.4777517564403,0,261209,19613,13.3181563248866
"192","Colesburg",86.4,11.9,5.4,31394,462,456,0,0,0,0,0,6,67.952380952381,98.7012987012987,0,11777,988,11.92004048583
"193","Lake Park",94.6,18.8,6.5,30260,1171,1158,0,0,2,0,1,10,25.8411614005124,98.8898377455166,0,30636,2628,11.6575342465753
"194","Postville",67.6,12.4,5.4,25229,2281,1954,172,27,17,0,41,70,11.0604997807979,85.6641823761508,7.54055238930294,34262,3014,11.3676177836762
"195","Sergeant Bluff",94.1,40.8,1.5,33036,4399,4019,2,10,130,0,0,238,7.50988861104797,91.3616731075244,0.0454648783814503,188072,14237,13.2100863946056
"196","Wellman",92.4,17.2,1.1,33606,1365,1285,20,0,8,0,5,47,24.6197802197802,94.1391941391941,1.46520146520147,84974,6474,13.1254247760272
"197","Kellogg",90.7,6.5,5.9,28693,777,760,0,0,7,0,2,8,36.9279279279279,97.8120978120978,0,34523,2410,14.3248962655602
"198","Forest City",92.5,20.5,7.5,24928,4043,3735,67,3,101,0,18,119,6.16571852584714,92.3818946326985,1.65718525847143,516359,40535,12.7385962748242
"199","Story City",91.5,29.3,3.1,32119,3423,3128,51,75,13,0,11,145,9.38328951212387,91.3818288051417,1.48992112182296,157223,13428,11.7085939827227
"200","Winthrop",95.6,17.7,3.4,35700,915,861,0,0,15,0,0,39,39.016393442623,94.0983606557377,0,71166,5253,13.5476870359794
"201","Schleswig",92,11,7.3,29750,806,730,1,10,16,0,4,45,36.9106699751861,90.5707196029777,0.124069478908189,102784,7034,14.6124537958487
"202","Floyd",85.6,9.9,4,25893,365,352,0,0,4,2,0,7,70.9397260273973,96.4383561643836,0,136368,8977,15.1908209869667
"203","Cambridge",93.3,26.1,4.7,38355,853,838,6,2,2,0,0,5,44.9648300117233,98.2415005861665,0.703399765533412,25233,1986,12.7054380664653
"204","Parkersburg",92.8,21.7,3.3,31810,2019,1981,0,15,0,0,11,12,15.7553244180287,98.1178801386825,0,108863,9398,11.5836348159183
"205","Lake View",90.7,19.9,6.7,31776,1002,990,8,0,0,0,4,0,31.7125748502994,98.8023952095808,0.798403193612774,184162,14254,12.9200224498386
"206","Wapello",87.7,12.3,5.6,28368,1922,1868,8,0,4,0,36,6,14.7596253902185,97.1904266389178,0.416233090530697,95922,8001,11.9887514060742
"207","Solon",98,43.8,3.5,40275,2399,2278,0,0,0,0,65,56,16.7882451021259,94.9562317632347,0,173260,12401,13.9714539150069
"208","Keosauqua",95,19.3,6.3,33229,1029,1007,13,0,0,0,0,9,32.2925170068027,97.8620019436346,1.26336248785228,155749,11001,14.1577129351877
"209","Camanche",95.5,17.2,4.3,32667,4368,4312,0,0,0,0,0,56,7.47870879120879,98.7179487179487,0,87183,6193,14.0776683352172
"210","Pleasantville",93.4,16.7,2.6,31065,1762,1667,0,0,41,0,4,50,17.6305334846765,94.6083995459705,0,62987,4656,13.5281357388316
"211","Grimes",97.7,48.6,3.2,45458,10422,10132,2,35,77,0,0,176,4.36173479178661,97.2174246785646,0.0191901746305891,1078963,75403,14.3092847764678
"212","Lawler",89.8,15.5,2.8,27328,324,324,0,0,0,0,0,0,84.3456790123457,100,0,69096,4557,15.1626069782752
"213","Missouri Valley",90,13.3,5.2,30952,2689,2676,0,0,13,0,0,0,11.5105987355894,99.5165489029379,0,207186,15891,13.0379460071739
"214","Evansdale",90.2,10.5,4.5,22088,4794,4461,0,18,0,0,14,301,4.60742594910305,93.0538172715895,0,533759,39365,13.5592277403785
"215","Hiawatha",94.2,28.4,4.5,31552,7160,5905,801,0,155,15,0,284,4.40670391061453,82.4720670391062,11.1871508379888,256050,19206,13.331771321462
"216","Jesup",98.5,19.6,6.7,34763,2809,2765,0,0,0,0,7,37,12.375578497686,98.4336062655749,0,80854,6567,12.3121668950815
"217","West Branch",96.2,31.6,3.6,35830,2581,2471,0,0,11,0,44,55,13.8822161952732,95.7380860131732,0,69530,5715,12.1662292213473
"218","Cascade",91,20.7,2.6,32047,1978,1966,12,0,0,0,0,0,16.2017189079879,99.3933265925177,0.606673407482305,131650,10067,13.0773815436575
"219","Alden",88.5,9.2,5.1,31028,769,725,0,0,0,0,41,3,40.3485045513654,94.2782834850455,0,93956,7037,13.3517123774336
"220","Paullina",90.2,17.8,1.4,29301,1034,1015,0,6,0,2,10,1,28.3375241779497,98.1624758220503,0,83760,7443,11.2535268037082
"221","Le Grand",95.7,16,2.6,31467,995,926,14,0,6,0,13,36,31.6251256281407,93.0653266331658,1.4070351758794,61304,4882,12.5571487095453
"222","Sibley",84.6,20.3,3,26414,2667,2493,6,0,21,0,111,36,9.90401199850019,93.4758155230596,0.224971878515186,233323,18240,12.7918311403509
"223","Holy Cross",91.4,10.7,0.5,36364,339,333,0,0,0,0,0,6,107.268436578171,98.2300884955752,0,83457,5712,14.6108193277311
"224","Vinton",94.5,27.5,2.9,30503,5166,5119,25,0,21,0,0,1,5.9045683313976,99.0902051877662,0.483933410762679,303752,26113,11.6322138398499
"225","Moravia",91.4,13.1,5.3,30000,792,778,0,0,0,0,0,14,37.8787878787879,98.2323232323232,0,55348,3519,15.7283319124751
"226","Orange City",95,37.6,1.7,21698,6153,5624,40,1,138,0,320,30,3.52640988135869,91.4025678530798,0.650089387290752,399051,29250,13.6427692307692
"227","Anita",92.3,15.9,7.3,27000,870,867,0,0,0,0,3,0,31.0344827586207,99.6551724137931,0,69026,5717,12.0738149379045
"228","Ruthven",90.6,17.7,2.7,27266,730,709,0,0,6,0,0,15,37.3506849315068,97.1232876712329,0,33856,3152,10.741116751269
"229","Lake Mills",90.8,22.8,5.8,30745,2027,1930,0,69,0,0,7,21,15.1677355698076,95.2146028613715,0,111630,8907,12.5328393398451
"230","Keota",90.6,14.7,10.8,24779,932,897,0,0,17,0,0,18,26.5869098712446,96.244635193133,0,21500,2066,10.406582768635
"231","Le Claire",97.9,41.4,6.5,45493,3931,3653,93,7,0,0,23,155,11.5728822182651,92.9280081404223,2.3658102264055,495528,24390,20.3168511685117
"232","Eddyville",98.3,17.3,10.8,26987,1207,1154,0,0,3,0,0,50,22.3587406793703,95.6089478044739,0,30030,2162,13.8899167437558
"233","Dysart",94.2,16.9,6.4,31366,1418,1381,0,7,16,0,0,14,22.1198871650212,97.3906911142454,0,38410,2936,13.0824250681199
"234","Central City",95.6,12,4.5,32574,1320,1285,26,0,9,0,0,0,24.6772727272727,97.3484848484848,1.96969696969697,74771,6082,12.2938178230845
"235","Mediapolis",95.7,24.6,1.7,35714,1536,1476,28,0,4,0,0,28,23.2513020833333,96.09375,1.82291666666667,109155,7900,13.8170886075949
"236","Dunlap",84.8,14.5,0.4,26779,1021,990,0,12,10,0,0,9,26.228207639569,96.9637610186092,0,123587,8332,14.83281325012
"237","Fontanelle",89.1,7.6,8.1,27679,667,662,0,0,1,0,0,4,41.4977511244378,99.2503748125937,0,54523,4433,12.2993458154748
"238","Baxter",91.4,21.7,4.8,34813,1081,1069,0,12,0,0,0,0,32.204440333025,98.8899167437558,0,31418,2536,12.3888012618297
"239","Dayton",88.8,14,3.9,26071,704,678,0,3,0,0,4,19,37.0326704545455,96.3068181818182,0,58313,4233,13.7758091188283
"240","Villisca",88.9,10.8,7.3,23516,1255,1207,0,24,0,0,15,9,18.7378486055777,96.1752988047809,0,10869,873,12.4501718213058
"241","Stratford",89.7,14.7,6.8,31250,645,641,0,0,4,0,0,0,48.4496124031008,99.3798449612403,0,42077,3494,12.042644533486
"242","Inwood",88.5,13.6,1,32250,879,793,0,25,2,6,22,31,36.6894197952218,90.2161547212742,0,103173,7280,14.1721153846154
"243","George",85.2,19.5,2.6,31190,1007,967,0,0,3,0,28,9,30.9731876861966,96.0278053624628,0,37787,3171,11.9164301482182
"244","Melbourne",94.5,14.5,3.6,31042,821,794,3,0,5,0,2,17,37.809987819732,96.7113276492083,0.365408038976857,8616,731,11.7865937072503
"245","Griswold",87.3,14.2,9.4,23977,1176,1130,0,0,16,0,0,30,20.3886054421769,96.0884353741497,0,10945,1005,10.8905472636816
"246","Shellsburg",95.5,14.6,1.8,35912,1097,1082,15,0,0,0,0,0,32.7365542388332,98.6326344576117,1.36736554238833,82380,6571,12.5369045807335
"247","Blue Grass",90.1,18.1,4.7,37391,1563,1537,6,11,0,0,5,4,23.9225847728727,98.3365323096609,0.383877159309021,75133,6268,11.9867581365667
"248","Wilton",94.9,25.5,3.7,35409,2808,2771,7,0,0,0,4,26,12.6100427350427,98.6823361823362,0.249287749287749,77522,6693,11.5825489317197
"249","Polk City",98.1,39.7,0.9,49960,4115,4038,0,0,13,0,5,59,12.1409477521264,98.1287970838396,0,190399,13927,13.6712141882674
"250","Tiffin",96.7,30.5,1.5,41580,2530,2221,43,0,31,0,129,106,16.4347826086957,87.7865612648221,1.699604743083,69264,4949,13.9955546575066
"251","New Virginia",94.6,13.8,7.8,32143,553,550,0,0,3,0,0,0,58.124773960217,99.4575045207957,0,31585,2322,13.6024978466839
"252","Ellsworth",95.1,25.6,1.5,31612,574,494,0,0,4,0,68,8,55.0731707317073,86.0627177700349,0,50688,3908,12.9703172978506
"253","Reinbeck",96.9,24.1,7.9,36228,1765,1750,0,0,7,0,0,8,20.5257790368272,99.1501416430595,0,34098,2892,11.7904564315353
"254","De Soto",92.2,22,6.5,30568,1065,1033,0,0,2,0,0,30,28.7023474178404,96.9953051643192,0,73036,5463,13.3692110561962
"255","Neola",97.3,17.6,1.9,35929,978,963,0,0,0,0,0,15,36.7372188139059,98.4662576687116,0,42487,3052,13.9210353866317
"256","Casey",91.7,10.7,3.7,25938,391,375,0,0,0,0,0,16,66.3375959079284,95.9079283887468,0,25446,1678,15.1644815256257
"257","Adair",96.6,19,6.8,32639,813,788,4,1,4,0,3,13,40.1463714637146,96.9249692496925,0.4920049200492,43108,2755,15.6471869328494
"258","Walnut",91.4,15.3,5,27067,706,687,0,0,6,0,2,11,38.3385269121813,97.3087818696884,0,34582,2283,15.1476127901883
"259","Lamoni",87.8,32.9,6,9158,2616,2309,162,34,6,14,20,71,3.50076452599388,88.2645259938838,6.19266055045872,71191,4868,14.6242810188989
"260","Center Point",96.2,22.5,2.4,40313,2507,2433,21,0,4,0,0,49,16.080175508576,97.0482648583965,0.837654567211807,71366,6701,10.6500522310103
"261","Garnavillo",85.3,13.2,1.6,26719,824,811,2,1,0,0,0,10,32.4259708737864,98.4223300970874,0.242718446601942,6620,530,12.4905660377358
"262","Alton",90.1,27,0.8,30708,1325,1211,9,0,6,0,79,20,23.1758490566038,91.3962264150943,0.679245283018868,78063,5970,13.0758793969849
"263","Palo",95.9,20.2,2.7,40558,1036,998,15,0,0,0,0,23,39.1486486486486,96.3320463320463,1.44787644787645,54675,3842,14.230869338886
"264","Sloan",96,25.3,3.2,31449,1192,1104,0,77,0,0,0,11,26.383389261745,92.6174496644295,0,71071,4949,14.3606789250354
"265","Windsor Heights",94.5,47,6.4,37525,4980,4319,26,0,189,0,249,197,7.535140562249,86.7269076305221,0.522088353413655,58978,3941,14.9652372494291
"266","Buffalo Center",89,22.6,4,35432,841,830,0,0,0,0,0,11,42.1307966706302,98.692033293698,0,60520,5323,11.369528461394
"267","Garner",96.3,26.7,0,31378,3091,3003,13,0,0,9,1,65,10.1514073115497,97.153024911032,0.420575865415723,155221,13081,11.8661417322835
"268","Pomeroy",91.3,16.8,2.7,20875,729,687,27,5,0,0,0,10,28.6351165980796,94.238683127572,3.7037037037037,4718,410,11.5073170731707
"269","Fayette",87.3,30.7,8.5,6563,1196,930,125,0,79,0,28,34,5.48745819397993,77.7591973244147,10.4515050167224,87150,6358,13.7071406102548
"270","Coon Rapids",91.4,20.6,3.8,30801,1371,1358,0,9,0,0,0,4,22.4660831509847,99.0517870167761,0,62558,4663,13.4158267209951
"271","West Liberty",75.3,13.8,6.4,30628,3737,3074,0,0,114,12,345,192,8.1958790473642,82.2584961198823,0,168690,10271,16.4239119852011
"272","Sanborn",89.5,16.1,3.8,30848,1405,1354,0,0,0,0,33,18,21.955871886121,96.3701067615658,0,65609,5609,11.6970939561419
"273","Okoboji",99.2,48.6,5.5,28500,814,775,0,0,23,0,0,16,35.012285012285,95.2088452088452,0,29233,2192,13.3362226277372
"274","Treynor",98.2,35.9,0.4,37500,957,952,0,0,0,0,0,5,39.1849529780564,99.4775339602926,0,25501,1903,13.4004203888597
"275","Malvern",90.2,20.8,4.5,38750,982,973,1,4,0,0,4,0,39.4602851323829,99.0835030549898,0.10183299389002,30048,2183,13.7645442052222
"276","Dows",91.2,16.2,2.6,24792,497,459,15,0,0,0,13,10,49.8832997987928,92.354124748491,3.01810865191147,19936,1676,11.8949880668258
"277","Huxley",95.5,37,7.5,39750,3474,3410,19,0,45,0,0,0,11.4421416234888,98.1577432354634,0.54691997697179,75758,5047,15.0105012878938
"278","Grand Junction",91.7,9.6,13.9,24643,838,838,0,0,0,0,0,0,29.4069212410501,100,0,20096,1535,13.0918566775244
"279","Exira",86.6,8.1,5.9,26767,881,860,11,0,0,0,0,10,30.3825198637911,97.6163450624291,1.24858115777526,31792,2484,12.7987117552335
"280","Nora Springs",92.7,15,2.8,30074,1567,1520,10,0,0,0,2,35,19.1920867900447,97.0006381620932,0.638162093171666,26940,2341,11.507902605724
"281","Akron",86.5,14.3,4.6,25769,1485,1477,0,0,0,0,0,8,17.352861952862,99.4612794612795,0,31070,2495,12.4529058116232
"282","Gilmore City",91.7,13.6,7.5,30000,472,470,0,0,2,0,0,0,63.5593220338983,99.5762711864407,0,19495,1627,11.9821757836509
"283","Ely",97.6,37.4,4,45455,2133,2039,5,0,18,0,7,64,21.3103609939053,95.5930614158462,0.23441162681669,30647,2191,13.9876768598813
"284","Afton",89.4,11.5,5.7,27457,967,953,2,6,2,0,0,4,28.3940020682523,98.5522233712513,0.206825232678387,31999,2394,13.3663324979114
"285","Preston",90.4,13.9,1.4,29219,1037,1029,0,2,0,0,0,6,28.1764705882353,99.228543876567,0,10143,846,11.9893617021277
"286","Clarksville",86.7,10.5,5.8,30443,1276,1253,10,0,0,0,0,13,23.8581504702194,98.1974921630094,0.783699059561128,40626,3454,11.7620150550087
"287","Scranton",90.4,9.8,14.4,22950,565,565,0,0,0,0,0,0,40.6194690265487,100,0,20794,1530,13.5908496732026
"288","Delmar",92.8,16.8,5.4,31597,497,472,0,17,0,0,6,2,63.5754527162978,94.9698189134809,0,11239,883,12.7281993204983
"289","Glidden",93.9,19.1,5.5,27313,1422,1400,17,5,0,0,0,0,19.2074542897328,98.4528832630099,1.19549929676512,28285,2130,13.2793427230047
"290","Walker",93.1,10.9,2.5,35742,841,841,0,0,0,0,0,0,42.499405469679,100,0,21135,1567,13.4875558391832
"291","Colo",93.3,17.2,5,30964,886,875,0,0,0,0,2,9,34.9480812641084,98.7584650112867,0,39066,3032,12.8845646437995
"292","Urbana",93.6,22.4,2,44048,1444,1408,30,2,0,0,0,4,30.5041551246537,97.5069252077562,2.07756232686981,34925,2702,12.9256106587713
"293","Buffalo",85.9,5.6,3.2,31575,1226,1203,5,12,0,0,2,4,25.7544861337684,98.1239804241436,0.407830342577488,33458,2563,13.0542333203277
"294","Sheffield",91.8,17.5,5.7,31210,1283,1265,0,0,4,0,4,10,24.3257989088075,98.5970381917381,0,24107,2081,11.5843344545891
"295","Donnellson",92.3,14.2,2.2,29758,860,854,0,0,0,0,0,6,34.6023255813953,99.3023255813954,0,20303,1334,15.21964017991
"296","Goldfield",89.7,10.3,2.9,30673,628,626,0,0,2,0,0,0,48.8423566878981,99.6815286624204,0,20179,1732,11.6506928406467
"297","Traer",92.2,20.2,5,31740,1736,1705,0,0,6,3,3,19,18.2834101382488,98.2142857142857,0,95442,8152,11.7078017664377
"298","Mechanicsville",94.9,21.1,1.1,31607,1052,1047,0,0,0,0,0,5,30.0446768060837,99.5247148288973,0,28108,1970,14.2680203045685
"299","Ireton",91.5,22,1.6,26481,665,601,2,4,2,0,0,56,39.821052631579,90.3759398496241,0.300751879699248,16087,1075,14.9646511627907
"300","Durant",93.9,22.8,1.2,36226,2032,1976,0,8,5,0,0,43,17.8277559055118,97.244094488189,0,69461,5948,11.6780430396772
"301","Sutherland",92.6,12,2.6,27000,595,586,4,0,0,3,0,2,45.3781512605042,98.4873949579832,0.672268907563025,40862,3265,12.5151607963247
"302","Allison",92.6,16.5,2.9,33583,1222,1148,9,0,59,0,0,6,27.4819967266776,93.9443535188216,0.736497545008183,75212,6695,11.2340552651232
"303","Hamburg",89.7,16.6,3.7,25417,1115,1085,0,5,0,0,0,25,22.7955156950673,97.3094170403588,0,20466,1378,14.8519593613933
"304","Whittemore",97.7,12.3,2,31333,504,485,12,5,0,0,2,0,62.1686507936508,96.2301587301587,2.38095238095238,13344,973,13.7142857142857
"305","Slater",98.4,39.1,1,38707,1617,1603,0,7,0,0,0,7,23.9375386518244,99.1341991341991,0,43410,3189,13.6124176857949
"306","Woodward",77.9,9.2,4,33347,1621,1524,43,0,0,0,7,47,20.571869216533,94.0160394818014,2.652683528686,28494,2194,12.9872379216044
"307","Farmington",83.1,8.5,4.3,22340,961,913,0,0,0,0,0,48,23.2466181061394,95.0052029136316,0,27643,1998,13.8353353353353
"308","Grand Mound",96,16.7,4.2,29107,557,549,1,0,0,0,0,7,52.2567324955117,98.5637342908438,0.179533213644524,37275,2967,12.5631951466127
"309","Farley",95.2,17,0.8,37586,1688,1685,0,0,0,0,0,3,22.2665876777251,99.8222748815166,0,29061,2306,12.6023417172593
"310","Rock Valley",89,19.8,3.6,26688,3623,3553,21,0,13,0,23,13,7.3662710460944,98.0678995307756,0.57963014076732,128708,9055,14.2140254003313
"311","Pacific Junction",76.5,6.3,3.4,25417,407,384,19,4,0,0,0,0,62.4496314496314,94.3488943488943,4.66830466830467,95733,6414,14.9256314312442
"312","Fonda",88.6,13.9,3.9,28958,525,505,2,0,0,2,0,16,55.1580952380952,96.1904761904762,0.380952380952381,14929,1152,12.9592013888889
"313","Maxwell",96.4,20.4,1.9,36042,839,809,0,0,21,0,0,9,42.958283671037,96.4243146603099,0,31442,2481,12.6731156791616
"314","Van Meter",96.1,32.7,1.4,36771,1256,1247,0,0,2,0,0,7,29.2762738853503,99.2834394904459,0,18148,1379,13.1602610587382
"315","Sully",93.9,15.3,1.9,30071,843,781,22,0,0,0,0,40,35.6714116251483,92.6453143534994,2.60972716488731,14403,969,14.8637770897833
"316","Carter Lake",90.2,17.4,8.7,31875,3765,3548,102,26,0,0,14,75,8.46613545816733,94.2363877822045,2.70916334661355,76234,5238,14.5540282550592
"317","Swea City",88.2,14.9,1,24844,559,511,0,19,0,0,16,13,44.4436493738819,91.4132379248658,0,47254,3862,12.2356292076644
"318","Prairie City",94.1,22.2,2.5,36050,1973,1931,9,0,3,0,2,28,18.271667511404,97.8712620375063,0.456158134820071,22182,1913,11.5953998954522
"319","Wellsburg",92.8,20.2,4.8,31875,929,903,0,0,3,0,0,23,34.3110871905275,97.2012917115178,0,18058,1661,10.8717639975918
"320","Peosta",95.4,32,2.8,36406,1881,1711,95,1,6,0,0,68,19.3545986177565,90.9622541201489,5.05050505050505,32478,2221,14.6231427285007
"321","Bevington",90,0,5.9,29167,54,53,0,1,0,0,0,0,540.12962962963,98.1481481481482,0,36263,2593,13.9849595063633
"322","Baldwin",90.9,7.3,6.7,19688,146,145,0,0,0,0,0,1,134.849315068493,99.3150684931507,0,28270,2285,12.3719912472648
"323","Bondurant",94.2,34.8,1.1,43068,5079,4939,0,0,82,0,0,58,8.4796219728293,97.2435518802914,0,82743,5926,13.962706716166
"324","Elma",92.3,12,0.8,30819,562,560,0,0,0,0,0,2,54.8380782918149,99.644128113879,0,75488,5982,12.6191909060515
"325","Hudson",98.3,34.5,4.7,41672,2414,2392,0,0,11,0,11,0,17.2626346313173,99.0886495443248,0,31974,2249,14.2169853268119
"326","Dakota City",90.6,9.2,2.8,31250,713,711,0,0,0,0,0,2,43.8288920056101,99.7194950911641,0,12760,1195,10.6778242677824
"327","Early",95.9,17.2,5.8,27330,699,650,36,0,0,0,0,13,39.0987124463519,92.9899856938484,5.15021459227468,19451,1409,13.8048261178141
"328","Nashua",91.6,13.6,7.6,26613,1613,1607,0,0,0,0,0,6,16.4990700557967,99.6280223186609,0,37382,3258,11.4739103744629
"329","Lovilia",91.1,5.3,16.9,25893,600,600,0,0,0,0,0,0,43.155,100,0,7415,456,16.2609649122807
"330","Murray",93.2,7.6,5.3,30801,661,655,0,0,0,0,0,6,46.5975794251135,99.0922844175492,0,1572,117,13.4358974358974
"331","Lisbon",93.8,26.2,4.1,36716,1908,1827,31,18,0,0,13,19,19.2431865828092,95.7547169811321,1.62473794549266,76510,6020,12.7093023255814
"332","Rolfe",82.4,15.2,3.5,26094,572,535,0,0,0,0,30,7,45.6188811188811,93.5314685314685,0,21697,1470,14.7598639455782
"333","Harpers Ferry",89.1,14.7,4.5,24063,268,268,0,0,0,0,0,0,89.7873134328358,100,0,17293,1386,12.476911976912
"334","Earlham",97.4,28,2.8,37649,1523,1487,36,0,0,0,0,0,24.72028890348,97.6362442547603,2.36375574523966,19367,1496,12.9458556149733
"335","Granger",93.4,38.3,1.8,43856,1461,1414,7,1,0,0,35,4,30.0177960301164,96.7830253251198,0.479123887748118,25701,2226,11.5458221024259
"336","Zwingle",83.6,7.5,0,38125,104,97,0,0,0,0,0,7,366.586538461538,93.2692307692308,0,24733,1659,14.9083785412899
"337","Graettinger",88.3,11.2,2.5,29432,716,700,12,0,0,0,4,0,41.1061452513966,97.7653631284916,1.67597765363128,31845,2651,12.0124481327801
"338","Elkader",92.8,24,4.6,29659,1325,1309,6,0,4,0,0,6,22.3841509433962,98.7924528301887,0.452830188679245,43094,3117,13.8254732114212
"339","Princeton",93,24.3,4.4,40237,1100,1027,0,0,0,0,5,68,36.5790909090909,93.3636363636364,0,16312,1407,11.5934612651031
"340","Aurelia",92.7,16.6,5.5,32305,955,929,0,0,14,0,0,12,33.82722513089,97.2774869109948,0,8467,652,12.9861963190184
"341","Springville",94.9,16.1,6.5,35781,1070,1070,0,0,0,0,0,0,33.4401869158878,100,0,16463,1386,11.8780663780664
"342","Hazleton",90.9,3.6,8,24375,794,775,2,12,0,0,0,5,30.6989924433249,97.6070528967254,0.251889168765743,25351,1709,14.8338209479228
"343","Eldon",83.6,7.3,12.2,28750,890,874,0,10,0,0,6,0,32.3033707865169,98.2022471910112,0,17846,1315,13.571102661597
"344","Martensdale",93.2,9.7,7.2,31765,452,448,0,0,0,0,1,3,70.2765486725664,99.1150442477876,0,11368,712,15.9662921348315
"345","Wheatland",89.1,10.2,6.7,30833,712,688,0,0,4,0,0,20,43.3047752808989,96.6292134831461,0,10657,820,12.9963414634146
"346","Lost Nation",84.3,14.2,1.9,29583,493,487,0,0,0,0,3,3,60.0060851926978,98.7829614604462,0,13371,1001,13.3576423576424
"347","Wall Lake",90.5,15.8,3.1,30809,777,777,0,0,0,0,0,0,39.6512226512227,100,0,10416,842,12.3705463182898
"348","Alta",88.8,17.7,3.4,28707,2104,1923,17,0,26,1,108,29,13.6440114068441,91.3973384030418,0.807984790874525,8486,604,14.0496688741722
"349","Merrill",88.9,13.7,6.1,30259,829,766,0,0,3,16,42,2,36.5006031363088,92.400482509047,0,6421,457,14.0503282275711
"350","Danville",94.7,19.4,1.9,31389,1079,1018,18,0,2,0,0,41,29.0908248378128,94.3466172381835,1.66821130676552,5768,333,17.3213213213213
"351","Stanwood",89.9,15.1,3.3,28611,562,554,0,1,3,0,0,4,50.9092526690391,98.576512455516,0,15257,961,15.8761706555671
"352","Raymond",95.7,20.1,3.1,36736,829,799,0,0,0,0,0,30,44.313630880579,96.3811821471653,0,23165,1573,14.7266369993643
"353","Crescent",90.5,20.9,2.2,40550,522,511,0,0,0,0,0,11,77.6819923371648,97.8927203065134,0,10620,595,17.8487394957983
"354","Carlisle",97.3,31.4,3.3,38505,4031,3838,0,0,44,0,0,149,9.55222029273133,95.2121061771273,0,84526,6396,13.2154471544715
"355","Latimer",81.3,13.1,5.8,26146,499,431,29,3,14,0,17,5,52.3967935871744,86.372745490982,5.81162324649299,8285,675,12.2740740740741
"356","Humeston",93.5,9.6,1.1,30333,400,393,0,2,0,0,0,5,75.8325,98.25,0,7652,603,12.6898839137645
"357","Montrose",91.6,6.4,5.3,29643,950,909,0,0,0,0,5,36,31.2031578947368,95.6842105263158,0,8196,580,14.1310344827586
"358","Fairfax",98,40.8,2.3,48346,2418,2386,0,0,9,0,0,23,19.9942100909843,98.6765922249793,0,10798,772,13.9870466321244
"359","New Sharon",94.6,18.5,7.1,32287,1263,1222,0,12,3,0,0,26,25.5637371338084,96.7537608867775,0,14368,964,14.9045643153527
"360","Hospers",92.2,15.7,2.7,35000,756,745,0,0,3,0,0,8,46.2962962962963,98.5449735449735,0,9148,582,15.7182130584192
"361","Manly",89.9,12.4,3.5,22569,1551,1471,6,4,2,0,5,63,14.5512572533849,94.8420373952289,0.386847195357834,10904,711,15.3361462728551
"362","Corwith",85.3,16.2,8.1,25179,230,230,0,0,0,0,0,0,109.473913043478,100,0,11037,798,13.8308270676692
"363","Victor",91.8,12.3,3.4,30881,1026,1021,2,3,0,0,0,0,30.098440545809,99.5126705653021,0.194931773879142,12112,868,13.9539170506912
"364","Delaware",97.2,15.7,1,34000,133,130,0,0,0,0,0,3,255.639097744361,97.7443609022556,0,10479,767,13.6623207301173
"365","Delhi",93.6,22.5,0,32000,445,443,0,0,0,0,2,0,71.9101123595506,99.5505617977528,0,2914,189,15.4179894179894
"366","Minden",92.9,24.3,2.8,41400,634,634,0,0,0,0,0,0,65.2996845425867,100,0,6133,397,15.448362720403
"367","Walford",98.6,33.5,2.3,48152,1428,1393,5,0,6,0,15,9,33.7198879551821,97.5490196078431,0.350140056022409,10129,648,15.6311728395062
"368","Robins",98.2,52.9,2.6,50770,3434,3151,73,0,184,0,4,22,14.784507862551,91.75888177053,2.12580081537565,4371,234,18.6794871794872
"369","Lohrville",91.1,21.9,6.5,29167,384,378,0,3,1,0,1,1,75.9557291666667,98.4375,0,3527,226,15.6061946902655
"370","Shelby",93.3,13.8,3.7,28654,654,648,0,0,4,0,0,2,43.8134556574924,99.0825688073395,0,1350,95,14.2105263157895
"371","Gilbertville",92.5,14.5,3.6,30909,723,703,0,0,0,0,0,20,42.7510373443983,97.2337482710927,0,2150,147,14.6258503401361
"372","Runnells",97.5,10.1,4.5,40231,514,499,5,1,1,0,0,8,78.2704280155642,97.0817120622568,0.972762645914397,4273,235,18.1829787234043
"373","Seymour",84.4,10.1,7.8,24702,656,637,12,0,0,0,0,7,37.655487804878,97.1036585365854,1.82926829268293,2764,180,15.3555555555556
"374","Tabor",88.3,20.1,2.5,33242,1230,1206,11,6,3,0,0,4,27.0260162601626,98.0487804878049,0.894308943089431,4588,210,21.847619047619
"375","Mitchellville",90.3,9,6.1,30329,2271,2023,162,31,8,0,0,47,13.3549097313959,89.079700572435,7.1334214002642,5058,226,22.3805309734513
"376","Albert City",90.9,17,4.1,26510,589,549,17,0,2,0,7,14,45.0084889643463,93.2088285229202,2.88624787775891,1710,88,19.4318181818182
"377","Atkins",94.6,30.8,2,45823,1713,1665,0,0,26,0,0,22,26.7501459427904,97.1978984238179,0,3360,206,16.3106796116505
"378","Alburnett",95.3,21.6,3.4,32115,633,618,0,0,0,0,0,15,50.7345971563981,97.6303317535545,0,667,40,16.675
"379","Stanton",91.7,20,3.1,34236,685,681,0,0,0,0,0,4,49.9795620437956,99.4160583941606,0,1160,70,16.5714285714286
"380","Washta",86.2,17.4,8.5,22500,197,188,0,0,6,0,0,3,114.213197969543,95.4314720812183,0,375,32,11.71875
"381","Van Horne",95.5,20.1,5.3,31731,782,700,0,2,5,0,19,56,40.576726342711,89.5140664961637,0,530,25,21.2
"382","Cumming",98.9,48.7,1.7,61406,415,407,0,0,1,0,0,7,147.966265060241,98.0722891566265,0,14610,876,16.6780821917808
"383","Templeton",87.7,13.8,3.6,29821,384,383,1,0,0,0,0,0,77.6588541666667,99.7395833333333,0.260416666666667,216,4,54
