"","zipcode","high.school","bachelor","unemployment","income","population","pop.white","pop.black","pop.indian","pop.asian","pop.hawai","pop.other","pop.multi","income_per_capita","prop_white","prop_black","total.sale","total.volume","price"
"1","50613",95.6,42.5,4.6,23487,43930,40956,948,120,1218,45,168,475,0.534646027771455,93.2301388572729,2.15797860232188,4943947,339266,14.5724800009432
"2","50543",91.3,25.1,5.7,35665,1458,1376,3,12,6,0,0,61,24.4615912208505,94.3758573388203,0.205761316872428,86254,6546,13.1765963947449
"3","50703",80.3,12.2,13.6,23921,19200,11360,6321,33,110,129,713,534,1.24588541666667,59.1666666666667,32.921875,3339278,191717,17.4177459484553
"4","52175",91,24.6,4.4,26970,3582,3373,116,20,37,0,0,36,7.52931323283082,94.1652707984366,3.23841429369068,267066,22291,11.9808891480867
"5","50469",95,13.6,2.1,37007,1612,1574,32,0,0,0,0,6,22.9571960297767,97.6426799007444,1.98511166253102,91209,7519,12.1304694773241
"6","52144",94.2,17.5,1.7,32530,1508,1501,0,0,0,0,0,7,21.5716180371353,99.5358090185676,0,87999,7136,12.3316984304933
"7","52172",87.2,18.5,5.3,26298,5774,5634,0,2,22,0,20,96,4.55455490128161,97.5753377208175,0,642261,49512,12.9718250121183
"8","50314",78.7,18.8,12.8,21547,12102,6087,3434,55,1149,0,792,585,1.78044951247728,50.2974714923153,28.375475128078,9584716,537047,17.8470711129566
"9","52632",89.7,16.5,9.8,24715,13184,11831,547,43,89,0,122,552,1.87462075242718,89.7375606796116,4.14896844660194,1981922,135475,14.629429784093
"10","50583",92.6,17.9,4.7,30703,2878,2804,6,0,0,0,2,66,10.6681723419041,97.4287699791522,0.208478109798471,305805,25410,12.0348288075561
"11","51632",89.9,23.4,4.9,28054,7168,6679,306,19,39,0,34,91,3.91378348214286,93.1780133928571,4.26897321428571,401558,28210,14.2345976604041
"12","50273",93.6,23.4,6,35779,8342,8141,1,0,146,0,26,28,4.2890194198034,97.5905058738911,0.0119875329657157,576401,43114,13.369230412395
"13","51360",96.7,33.2,2.5,33635,8346,8152,26,18,25,16,12,97,4.03007428708363,97.6755331895519,0.311526479750779,2139653,160604,13.3225386665338
"14","50009",94.5,30.8,4.2,40354,18600,17684,122,13,334,0,7,440,2.16956989247312,95.0752688172043,0.655913978494624,2212755,152679,14.4928575639086
"15","50312",95.2,55.2,3.4,38275,15713,14081,632,1,575,0,40,384,2.43588111754598,89.613695666009,4.02214726659454,1326605,72619,18.2680152577149
"16","50220",80.4,14.3,2.4,26177,9140,8103,171,9,104,0,558,195,2.86400437636761,88.6542669584245,1.87089715536105,528510,42986,12.2949332340762
"17","52240",91.3,45.5,4.5,20192,33477,26623,2877,103,1463,53,1462,896,0.603160378767512,79.5262418974221,8.59396003226096,8082572,523224,15.4476323716037
"18","50588",69.5,17.4,5.1,23581,12810,9056,558,0,1696,223,1035,242,1.8408274785324,70.6947697111631,4.3559718969555,1595214,113863,14.0099417721297
"19","50841",90.8,15.6,3.7,31921,2659,2596,19,0,22,0,3,19,12.0048890560361,97.6306882286574,0.714554343738247,179649,13276,13.5318620066285
"20","52136",91.9,15.3,2.9,29531,5931,5822,18,0,0,0,2,89,4.97909290170292,98.1621986174338,0.303490136570561,641780,51336,12.5015583606046
"21","51601",85.8,22.1,2.3,29452,5938,5602,73,17,141,0,10,95,4.95991916470192,94.3415291343887,1.22937015830246,743835,51850,14.3459016393443
"22","52001",89.5,25.7,5.5,23912,43821,39220,2210,36,535,325,252,1243,0.545674448323863,89.5004678122361,5.04324410670683,4155490,282394,14.7152205783409
"23","50309",84.7,40.7,3.2,29915,5912,3889,821,10,821,96,90,185,5.06004736129905,65.7814614343708,13.8870094722598,263080,20132,13.0677528313133
"24","51560",93.7,27.8,2.4,36014,2307,2239,1,0,2,0,21,44,15.6107498916342,97.0524490680537,0.0433463372345037,106661,8341,12.7875554489869
"25","50125",95.3,29.7,6.3,31014,19792,19086,84,36,105,51,66,364,1.56699676637025,96.4329021827001,0.424413904607922,1475981,107339,13.7506498104137
"26","50115",89.4,13.9,3.2,27313,2791,2679,23,0,1,0,17,71,9.78609817269796,95.9871013973486,0.824077391615908,81074,6509,12.4556767552619
"27","50441",85.4,19.6,5.2,30643,5537,4915,99,5,0,0,412,106,5.5342243091927,88.7664800433448,1.7879718258985,452687,35560,12.7302305961755
"28","52003",96.7,37.3,4.1,32560,13450,13135,52,5,56,0,0,202,2.42081784386617,97.6579925650558,0.386617100371747,1520834,101934,14.9197912374674
"29","50597",94.4,16.6,0.7,28426,1231,1190,3,3,1,0,12,22,23.0917952883834,96.6693744922827,0.24370430544273,124798,11062,11.2816850479118
"30","52205",91.8,15.6,6.8,29548,8685,7907,402,124,79,0,38,135,3.40218767990789,91.042026482441,4.6286701208981,620676,50235,12.355449387877
"31","50606",93.6,9.1,3.3,27386,846,832,0,3,0,0,0,11,32.371158392435,98.3451536643026,0,28878,2739,10.5432639649507
"32","50010",97.1,59.4,4.6,23481,32111,25853,1214,101,3732,29,100,1082,0.731244744791504,80.5113512503503,3.78063591915543,6823228,466808,14.6167760621069
"33","50021",97.8,47.1,3.2,40214,24993,23621,272,0,710,0,108,282,1.60901052294643,94.5104629296203,1.08830472532309,3168557,218702,14.4880110835749
"34","50036",96,22.5,4.1,31151,16251,15840,272,53,31,0,8,47,1.91686665435973,97.4709248661621,1.67374315426743,1216408,91448,13.3016359023707
"35","52601",91.3,20.2,6.3,25877,29315,26284,2042,68,117,0,92,712,0.882722155892888,89.6605833191199,6.96571720961965,2553971,170881,14.9459038746262
"36","52405",95.6,25.7,4.9,34931,25420,22915,1223,30,525,0,17,710,1.37415420928403,90.1455546813533,4.81117230527144,1858098,139918,13.2799068025558
"37","52404",92.4,22.1,5.9,29940,38337,32487,3265,208,530,0,502,1345,0.780968776899601,84.7405900305188,8.51657667527454,3603141,260377,13.8381692699432
"38","52403",93.2,36.2,4.8,35144,22961,20000,1436,70,519,15,43,878,1.53059535734506,87.1042201994687,6.25408301032185,1133610,78792,14.3873743527262
"39","52402",95.2,39.6,3.4,34431,41189,35844,1817,68,1770,26,630,1034,0.83592706790648,87.023234358688,4.41137196824395,8460888,586906,14.4160870735689
"40","52302",96,34.9,3.9,38371,39070,36670,805,22,646,0,177,750,0.982109035065267,93.8571794215511,2.06040440235475,2106737,157369,13.3872427225184
"41","50401",92.7,21.5,4.9,27457,29216,27442,586,93,349,0,179,567,0.939793263964951,93.9279846659365,2.00575027382256,3752779,286853,13.0825858540786
"42","50208",91.9,16.5,5.3,28074,20545,19423,507,59,162,0,35,359,1.36646385981991,94.5388172304697,2.4677537113653,1450338,109565,13.2372381691234
"43","51566",88.8,14.3,10.3,26834,6497,6101,0,0,0,0,152,244,4.13021394489764,93.9048791750039,0,577897,42939,13.4585574885302
"44","50265",96.1,48.9,2.9,39231,31754,27754,1392,51,1642,0,243,672,1.23546639793412,87.4031618063866,4.38369969137746,3908823,255123,15.3213273597441
"45","52544",89.7,19.3,7.2,26890,7346,7135,59,3,60,0,0,89,3.66049550775932,97.1276885379799,0.803158181323169,710531,52563,13.5177025664441
"46","50315",88.6,16.4,7.4,29366,35577,29867,2880,243,1221,0,691,675,0.825420918008826,83.9503049723136,8.09511763217809,2522795,178599,14.1254710272734
"47","50317",86.1,12.6,9,28282,37148,31838,2254,114,764,46,881,1251,0.761333046193604,85.7058253472596,6.06762140626682,3432596,236181,14.5337516565685
"48","50322",94.7,41.1,4.2,38763,31168,27267,1517,27,1027,107,175,1048,1.24367941478439,87.4839579055441,4.86717145790554,2869344,181419,15.8161162833
"49","50501",90.5,22.2,7.4,23606,28015,25118,1616,99,427,0,348,407,0.842620024986614,89.6591111904337,5.76833839014814,3256355,234269,13.9000678706957
"50","50702",88.5,17.9,6.9,30743,20210,16923,1904,14,249,0,324,796,1.52117763483424,83.7357743691242,9.4210786739238,4014593,282205,14.2258039368544
"51","50126",93.3,18.5,3.8,27194,6879,6550,129,26,21,0,76,77,3.9531908707661,95.2173281000145,1.87527256868731,826140,59139,13.9694617764927
"52","52501",85.2,17.6,7.1,26869,29655,26575,810,19,323,78,1439,411,0.906052942168268,89.6138931040297,2.73141122913505,2366392,164666,14.3708598010518
"53","50158",81.8,20,6.2,28421,31273,24899,460,93,1238,15,3687,881,0.908803120903015,79.618201004061,1.47091740479007,2729343,189049,14.4372252696391
"54","52245",96.4,65.2,4.6,20518,24606,21552,656,16,949,98,696,639,0.833861659757783,87.5883930748598,2.66601641875965,459322,30410,15.104307793489
"55","50213",88.7,16.7,4.5,30221,6877,6399,23,0,72,0,228,155,4.39450341718773,93.049294750618,0.334448160535117,564496,41724,13.5292877001246
"56","50049",91.9,17.5,5.1,28672,6604,6484,7,0,0,0,0,113,4.34161114476075,98.182919442762,0.105996365838886,369919,26684,13.862951581472
"57","50801",92.7,18.7,3.8,27304,9612,9324,122,24,66,7,0,69,2.84061589679567,97.0037453183521,1.26924677486475,887090,65879,13.4654442235007
"58","52802",81.5,9.3,7,26403,10520,8503,1195,55,208,13,168,378,2.50979087452471,80.8269961977186,11.3593155893536,953931,67740,14.0822409211692
"59","51334",89.3,19.3,5.5,26490,7197,6911,120,13,30,11,44,68,3.68070029178824,96.0261219952758,1.66736140058358,563186,44840,12.5599018733274
"60","52641",91.6,18.6,4.9,28763,11917,10515,419,41,481,0,207,254,2.41361080808928,88.2352941176471,3.51598556683729,1029259,71906,14.3139515478541
"61","52531",86.1,18.3,3.9,32223,6073,5898,5,0,11,0,118,41,5.30594434381689,97.118392886547,0.0823316318129425,288395,21243,13.5760015063786
"62","50321",90.9,34,5.7,30429,9007,6925,1398,33,265,0,92,294,3.37837237704008,76.8846452758965,15.5212612412568,1591232,106858,14.8910891089109
"63","50701",92.7,30.6,5.7,31576,30231,26130,1825,205,1002,125,359,585,1.0444907545235,86.4344546988191,6.03684959147895,2277325,153321,14.8533142883232
"64","51301",93.2,21,3.5,30168,12778,12146,73,4,7,0,192,356,2.36093285334168,95.0539990608859,0.571294412271091,1448957,117249,12.3579476157579
"65","50138",92.7,17.2,4.5,32520,11324,10973,86,58,45,0,22,140,2.87177675732957,96.9003885552808,0.759448957965383,796630,58667,13.5788433020267
"66","52806",92.8,25.5,5.7,31085,28498,23150,3339,82,739,0,345,843,1.0907783002316,81.2337707909327,11.7166116920486,1632335,119242,13.6892621727244
"67","52761",86.4,20.7,4.7,30668,30273,27502,732,42,325,0,755,917,1.01304793049912,90.8466290093483,2.41799623426816,2621441,187528,13.9789311462822
"68","50616",86,21.7,3.1,27018,10399,9663,247,65,245,0,37,142,2.59813443600346,92.9223963842677,2.37522838734494,927546,70310,13.1922343905561
"69","50112",92.8,28.6,4.1,21088,11532,10679,294,15,366,5,24,149,1.82865071106486,92.6031911203607,2.54942767950052,965345,68314,14.1309980384694
"70","52353",92.5,22.1,5.7,26660,9551,9011,145,46,71,11,153,114,2.79133075070673,94.3461417652602,1.51816563710606,1137692,77542,14.6719455262954
"71","52627",92.5,13.3,8.5,29992,13103,12335,334,0,44,0,58,332,2.28894146378692,94.138746851866,2.54903457223537,1051377,76087,13.8180898182344
"72","50511",95.3,24.4,0.9,33404,7184,7024,6,0,69,0,43,42,4.64977728285078,97.7728285077951,0.0835189309576837,948866,73771,12.8623171707039
"73","50131",96.7,56.8,3.9,55596,19683,18181,403,14,747,52,19,267,2.82456942539247,92.3690494335213,2.04745211603922,1236256,83503,14.8049291642216
"74","50022",89.1,21.6,2.2,27577,8148,7942,35,46,30,23,15,57,3.38451153657339,97.4717722140403,0.429553264604811,1012777,74501,13.5941396759775
"75","51401",92.4,23.5,1.5,31936,11900,11404,269,0,0,0,70,157,2.6836974789916,95.8319327731092,2.26050420168067,2039061,150008,13.5930150391979
"76","51106",91.9,26.1,4.7,28798,26012,24242,491,85,367,17,262,548,1.10710441334769,93.1954482546517,1.88759034291865,3361459,230926,14.5564336627318
"77","51442",69,10.7,6.8,28239,9908,8951,244,192,31,4,276,210,2.85012111425111,90.3411384739604,2.46265643924102,1117922,83308,13.4191434195996
"78","51012",88.7,17.7,3.5,27833,6335,6146,64,51,29,0,15,30,4.39352801894238,97.0165745856354,1.01026045777427,668894,51723,12.9322351758405
"79","52241",95.5,55.5,2.8,35895,20107,15466,2270,9,1846,0,333,183,1.78519918436365,76.9184860993684,11.2896006365942,5146272,296404,17.3623567833093
"80","52577",91,25.7,6.5,30104,15180,14466,283,14,232,0,80,105,1.98313570487484,95.296442687747,1.86429512516469,1185453,86363,13.7263990366245
"81","52556",95.5,38.8,7,21506,13433,10702,1006,0,802,0,372,551,1.60098265465644,79.6694707064691,7.4890195786496,806978,55459,14.550893452821
"82","50595",91,21.2,2.7,31414,9125,8407,72,0,364,0,269,13,3.4426301369863,92.1315068493151,0.789041095890411,684628,55012,12.4450665309387
"83","52722",97.3,48.4,4.2,42467,36393,32334,1198,122,1838,0,411,490,1.16690022806584,88.8467562443327,3.29184183771604,5006320,308554,16.2251016029609
"84","51031",90.9,19.5,3.6,36519,12130,11246,87,44,79,42,434,198,3.01063478977741,92.7122835943941,0.717230008244023,1297765,92905,13.9687314999193
"85","50548",94.1,24.9,3,30277,5659,5489,42,12,22,0,4,90,5.35023855804913,96.9959356776816,0.742180597278671,591971,46561,12.7138807156204
"86","51501",84.1,11.4,5.8,28355,34774,31530,758,178,357,5,1040,906,0.815408063495715,90.6711911198022,2.17978949790073,5175021,335524,15.4236984537619
"87","52807",93.9,42.6,3.1,33750,15054,12757,1497,15,347,0,215,223,2.24192905540056,84.7415969177627,9.94420087684336,5697018,371820,15.3219783766339
"88","52732",90,19.4,5.4,27399,27424,25003,1270,91,203,0,147,710,0.999088389731622,91.1719661610268,4.63098016336056,2601832,187603,13.8688187289116
"89","50266",96.2,61.1,2.7,47232,27651,23680,909,22,2082,51,450,457,1.70814798741456,85.6388557375863,3.28740371053488,5930103,337826,17.5537199623475
"90","50311",90,42.3,7.6,20477,15460,11728,1606,202,642,2,610,670,1.3245148771022,75.8602846054334,10.3880983182406,5849136,403954,14.4797080855741
"91","51105",67.8,7.6,6.3,22525,10333,7002,818,262,625,11,1216,399,2.17990902932353,67.7634762411691,7.91638439949676,974360,70202,13.8793766559357
"92","51104",90.2,33.7,3.8,27821,22223,19520,764,204,636,14,386,699,1.25190118345858,87.8369257076002,3.4378796742114,1191041,79473,14.9867376341651
"93","52002",94.7,40.4,2.3,36619,15877,14781,200,6,610,13,23,244,2.30641808905965,93.0969326698999,1.25968381936134,1640908,116621,14.0704332838854
"94","52804",91.1,20.4,5.1,30847,27007,22795,2348,69,432,0,342,1021,1.14218535935128,84.4040433961566,8.69404228533343,4146021,270396,15.3331447210758
"95","50310",90.8,34.2,4.4,32349,32300,24933,3559,211,2372,41,186,998,1.00151702786378,77.1919504643963,11.0185758513932,1956256,137535,14.2236957865271
"96","50627",91.5,24.4,3.2,28693,3327,3050,78,7,85,0,15,92,8.62428614367298,91.6741809437932,2.34445446348061,246243,21213,11.6081176636968
"97","51503",93.3,27.1,4.9,33612,37603,36089,491,76,239,0,153,555,0.89386485120868,95.973725500625,1.30574688189772,3543163,243920,14.5259224335848
"98","50320",87.7,20.3,5.3,29962,21603,15565,2669,77,1770,0,845,677,1.38693699949081,72.0501782159885,12.3547655418229,9539119,568269,16.7862737541552
"99","50014",97.3,65.7,5.1,11995,29725,25335,658,22,2513,11,143,1043,0.403532380151388,85.2312867956266,2.21362489486964,501822,35994,13.9418236372729
"100","50219",92.7,39.5,2.7,27224,13802,12941,122,23,270,0,158,288,1.9724677582959,93.7617736559919,0.883929865236922,868679,59452,14.6114344345018
"101","52411",97.3,52.6,1.1,55199,7456,7031,91,0,259,0,0,75,7.40329935622318,94.2998927038627,1.22049356223176,993837,63696,15.6028165033911
"102","51537",89.3,24.6,3.2,27222,6658,6240,47,6,31,0,201,133,4.08861519975969,93.7218383899069,0.705917693000901,741809,54083,13.7161215169277
"103","50677",95.7,35.2,2.7,25654,12078,11374,233,32,164,0,110,165,2.12402715681404,94.1712204007286,1.9291273389634,1378148,104029,13.2477289986446
"104","50833",94.7,20.1,4.1,30144,2259,2198,12,2,16,0,6,25,13.3439575033201,97.2996901283754,0.531208499335989,59589,4558,13.0734971478719
"105","50854",90.8,20,6.3,26834,2427,2309,8,8,21,0,57,24,11.05644829007,95.1380304903173,0.329625051503914,139272,10810,12.8836262719704
"106","50060",89.1,14,3.4,30000,2512,2476,18,12,4,0,0,2,11.9426751592357,98.5668789808917,0.71656050955414,94007,7196,13.0637854363535
"107","51250",87.7,35.8,0.4,25588,8391,7658,45,29,59,0,530,70,3.04945775235371,91.2644500059588,0.536288880943868,662400,48475,13.6647756575554
"108","51201",93.3,28.8,2.3,28718,6020,5602,21,7,77,0,222,91,4.77043189368771,93.0564784053156,0.348837209302326,799090,61969,12.8949958850393
"109","50263",98.6,55.5,1.1,45445,20205,18361,261,0,789,28,112,654,2.24919574362781,90.8735461519426,1.29175946547884,1203589,73232,16.435287852305
"110","50023",97.4,44.4,3.9,40065,33001,31196,386,0,451,0,12,956,1.21405411957213,94.5304687736735,1.16966152540832,1425776,90230,15.801573755957
"111","50144",87.5,14.9,7.2,24258,2703,2663,1,0,21,4,0,14,8.97447280799112,98.520162782094,0.0369959304476508,94188,6778,13.8961345529655
"112","50129",92.1,20.6,4.6,26028,4933,4807,12,9,32,5,0,68,5.27630245286844,97.4457733630651,0.243259679708088,359466,26847,13.3894289864789
"113","50313",83.9,15,8.6,26832,18300,15337,1438,30,655,0,375,465,1.46622950819672,83.8087431693989,7.85792349726776,544032,41300,13.1726876513317
"114","50323",99.6,66.4,3.2,62005,12678,11526,177,0,734,0,0,241,4.8907556396908,90.9133932796971,1.3961192617132,83314,5426,15.3545890158496
"115","50316",75.8,11.6,10,23177,17443,11449,3081,10,1258,14,687,944,1.32872785644671,65.6366450725219,17.6632460012612,1285334,75248,17.081304486498
"116","50325",94.9,54,3.3,45433,16937,15253,357,59,761,0,235,272,2.68247033122749,90.0572710633524,2.1078113007026,732924,48389,15.1465002376573
"117","51449",88.4,22.4,3.8,25239,2126,2066,27,0,12,0,0,21,11.8715898400753,97.1777986829727,1.26999059266228,115107,9743,11.8143282356564
"118","52537",87.1,18.3,4.4,28737,7186,7071,16,32,19,0,0,48,3.99902588366268,98.3996660172558,0.222655162816588,93510,7929,11.7934165720772
"119","50622",97.5,30.2,2.8,43902,3439,3384,7,0,34,0,0,14,12.7659203256761,98.4006978772899,0.203547542890375,89409,7201,12.4161921955284
"120","50054",95,18.9,9.6,33107,2908,2766,7,0,9,21,23,82,11.3848005502063,95.1169188445667,0.240715268225585,115358,9677,11.9208432365403
"121","50423",89.1,15.9,3.8,33407,2789,2715,19,3,5,0,23,24,11.9781283614199,97.346719254213,0.681247759053424,113067,10890,10.3826446280992
"122","50525",88.9,21.9,7.1,29799,3455,2939,24,0,49,0,387,56,8.62489146164978,85.0651230101303,0.694645441389291,136425,10753,12.6871570724449
"123","50003",95,38.8,2.5,41809,6893,6728,32,22,16,0,0,95,6.06542869577833,97.6062672276222,0.464239083127811,306111,23762,12.882375220941
"124","50171",94,18,5.2,32981,2753,2695,29,0,5,0,0,24,11.9800217944061,97.8932074100981,1.05339629495096,234189,16765,13.9689233522219
"125","50428",93.8,25.7,2.1,30471,9424,9084,58,25,134,0,47,76,3.23334040747029,96.3921901528014,0.615449915110357,1638256,121490,13.4846983290806
"126","52057",90.7,19.1,2.4,31923,7555,7445,24,5,9,0,0,72,4.22541363335539,98.5440105890139,0.317670416942422,860886,63577,13.5408402409676
"127","51351",93.3,23,2.4,30515,4581,4478,17,15,0,0,36,35,6.66120934293822,97.7515826238812,0.371098013534163,1161633,83299,13.94534148069
"128","50466",87.7,11.5,6.4,32143,1723,1681,0,0,0,0,0,42,18.655252466628,97.5623911781776,0,27143,2409,11.2673308426733
"129","52738",76.1,10.4,5,30006,3789,3118,112,12,353,0,175,19,7.91923990498812,82.2908419107944,2.95592504618633,130085,8854,14.6922295007906
"130","52301",90.9,13.4,1.8,27132,3904,3786,30,0,0,3,40,45,6.94979508196721,96.9774590163934,0.76844262295082,287040,25677,11.1788760369202
"131","50211",95.9,36,5,42163,12282,11976,12,53,64,0,105,72,3.43290994951962,97.5085490962384,0.0977039570102589,453957,35432,12.8120625423346
"132","52742",94.6,25.6,3.4,35787,7778,7496,1,15,100,0,20,146,4.6010542555927,96.3743893031628,0.0128567755206994,271795,23049,11.7920517159096
"133","50250",93.2,15.1,2.5,31412,2349,2342,2,0,0,0,0,5,13.3724989357173,99.7020008514261,0.0851426138782461,171325,13498,12.6926211290562
"134","50216",95.1,33.8,1.7,36886,2548,2525,0,18,5,0,0,0,14.4764521193093,99.0973312401884,0,172305,13134,13.1190041114664
"135","51035",91.3,24.4,2.1,33421,1381,1335,0,5,0,0,0,41,24.2005792903693,96.6690803765387,0,34453,2699,12.7650981845128
"136","52031",89.3,20.6,2.1,34806,5368,5297,20,0,3,0,16,32,6.48397913561848,98.677347242921,0.3725782414307,275575,19089,14.4363245848394
"137","50579",92.7,17.5,1.6,21272,2779,2598,103,19,9,0,7,43,7.65455199712127,93.4868657790572,3.70636919755308,78560,7157,10.9766662009222
"138","52310",92.8,18.8,2.4,34498,6609,6583,23,0,0,0,0,3,5.21985171735512,99.6065970646089,0.348010288999849,464581,39517,11.7564845509528
"139","51245",88.7,18.4,1.8,31528,1239,1124,10,0,7,0,93,5,25.4463276836158,90.7183212267958,0.807102502017756,91431,6747,13.5513561582926
"140","50461",93.6,17.1,3.8,30769,5684,5583,9,26,0,0,6,60,5.41326530612245,98.2230823363828,0.158339197748065,243742,20276,12.0212073387256
"141","50603",87.7,7.3,3.2,31452,662,621,0,14,7,0,8,12,47.5105740181269,93.8066465256798,0,5695,454,12.5440528634361
"142","50533",88.1,16.4,9,27930,3885,3767,11,24,0,0,36,47,7.18918918918919,96.962676962677,0.283140283140283,249204,20171,12.3545684398394
"143","50472",92.7,16.5,2.1,30779,2216,2180,0,0,36,0,0,0,13.889440433213,98.3754512635379,0,164320,13028,12.6128338962235
"144","51028",96.1,20.8,3.3,36639,2069,2033,9,0,11,0,0,16,17.708554857419,98.2600289995167,0.434992750120831,65155,5249,12.4128405410554
"145","50676",90.6,14.1,2.5,31353,2182,2114,14,0,0,39,0,15,14.3689275893676,96.8835930339138,0.641613198900092,186465,15512,12.020693656524
"146","52655",91.4,14.9,6.4,25079,4606,4232,135,0,50,0,0,189,5.4448545375597,91.8801563178463,2.93095961788971,743008,51444,14.4430448643185
"147","52246",97.9,70.2,2.7,23594,22392,16145,1588,54,3729,0,210,666,1.05367988567345,72.1016434440872,7.0918185066095,990190,71051,13.9363274267779
"148","50044",89.9,8.1,5.3,25139,1088,1087,0,1,0,0,0,0,23.1056985294118,99.9080882352941,0,14756,1542,9.56939040207523
"149","51346",89.9,13.5,1.8,31224,2352,2237,12,13,21,0,24,45,13.2755102040816,95.1105442176871,0.510204081632653,142642,12054,11.8335822133732
"150","50662",86.7,15.6,4,25085,6911,6646,19,76,21,0,33,116,3.62972073506005,96.1655332079294,0.274924034148459,673146,55680,12.0895474137931
"151","50601",89,18.7,4.3,28750,2375,2352,0,0,0,0,15,8,12.1052631578947,99.0315789473684,0,58058,5057,11.4807197943445
"152","52134",91.1,9.3,8.4,25625,368,348,10,0,10,0,0,0,69.633152173913,94.5652173913043,2.71739130434783,2996,232,12.9137931034483
"153","50638",95.1,25.9,4.6,33462,3236,3203,33,0,0,0,0,0,10.340543881335,98.9802224969098,1.01977750309023,192323,16040,11.9902119700748
"154","51546",92.7,23.1,1.3,37434,2774,2693,7,7,0,7,0,60,13.4945926459986,97.0800288392213,0.252343186733958,66729,5717,11.6720307853769
"155","52060",92.4,16,7.1,27868,8459,7982,37,7,59,120,25,229,3.29447925286677,94.3610355834023,0.437403948457264,829789,65832,12.6046451573703
"156","51445",91.2,19.2,3.5,29904,2786,2770,1,7,0,0,1,7,10.7336683417085,99.4256999282125,0.0358937544867193,235474,18642,12.6313700246755
"157","50536",93.9,24.5,1.2,28774,4557,4323,152,9,38,0,0,35,6.31424182576256,94.8650427913101,3.33552775949089,544170,42405,12.8326848249027
"158","50554",93.1,18.3,2.1,31765,1578,1457,54,6,16,0,19,26,20.1299112801014,92.3320659062104,3.42205323193916,116221,10533,11.033988417355
"159","50025",89.1,13.4,2.2,27099,3107,2990,11,34,11,0,0,61,8.7219182491149,96.234309623431,0.354039266173157,128960,11619,11.0990618814012
"160","50212",94.2,21.4,6.1,30108,3194,3041,0,0,0,0,9,144,9.42642454602379,95.2097683155917,0,77266,6093,12.6811094698835
"161","52656",94.4,14,5.1,31728,2311,2288,0,0,0,0,0,23,13.7291215923842,99.0047598442233,0,214770,13347,16.0912564621263
"162","50629",96.8,18.7,2.9,33500,2031,1991,0,24,0,0,0,16,16.494337764648,98.0305268340719,0,52734,4560,11.5644736842105
"163","51025",96.5,24,4.7,29659,2008,1942,0,39,9,0,8,10,14.7704183266932,96.7131474103586,0,240057,16284,14.7418938835667
"164","50421",92.2,13.8,3,31977,3336,3173,0,0,22,0,106,35,9.58543165467626,95.1139088729017,0,258406,20825,12.4084513805522
"165","50459",92.2,17.5,8.6,29427,2683,2583,51,2,7,0,0,40,10.9679463287365,96.2728289228476,1.90085724934775,207552,16960,12.2377358490566
"166","50636",90.4,14.5,2.8,27244,1757,1714,0,0,32,11,0,0,15.5059760956175,97.5526465566306,0,35772,3159,11.32383665717
"167","51338",92.8,19.7,3.4,32401,974,971,0,0,0,0,1,2,33.2659137577002,99.6919917864476,0,8007,674,11.879821958457
"168","52159",92.6,20.7,1.9,32383,2288,2263,0,0,16,0,0,9,14.1534090909091,98.9073426573427,0,160927,12289,13.0952070957767
"169","50483",92.8,15.6,1.1,29943,647,635,4,0,1,0,0,7,46.2797527047913,98.145285935085,0.618238021638331,226448,16030,14.1265127885215
"170","50630",94.7,14.5,2.5,32426,2067,2009,33,9,2,0,0,14,15.6874697629415,97.1940009675859,1.59651669085631,37597,3714,10.1230479267636
"171","52314",96.8,52.4,2,21025,6401,5606,214,0,52,4,219,306,3.28464302452742,87.5800656147477,3.34322762068427,2216051,155453,14.2554405511634
"172","51050",94.9,16.1,2.4,30904,2604,2576,0,0,0,0,0,28,11.8678955453149,98.9247311827957,0,120063,8822,13.6094989798232
"173","51521",91.3,27.2,2.7,33958,1882,1851,0,0,0,0,0,31,18.0435706695005,98.3528161530287,0,344311,23411,14.7072316432446
"174","51246",91.9,25.6,1.4,31431,3385,3361,4,8,2,0,1,9,9.28537666174298,99.2909896602659,0.118168389955687,316325,23665,13.366786393408
"175","50674",93.9,17.1,4.9,32074,3666,3600,10,28,18,0,0,10,8.74904528096017,98.1996726677578,0.272776868521549,90649,7444,12.1774583557227
"176","52101",95.4,34,2.2,24497,13745,13132,159,40,238,0,66,110,1.78224809021462,95.5401964350673,1.15678428519462,1181316,85454,13.8239988765886
"177","51040",91,15.9,5.1,25570,3531,3339,46,110,0,0,0,36,7.2415746247522,94.5624468988955,1.30274709713962,286070,21294,13.434300741993
"178","50514",90.6,12.6,3.8,30096,1427,1417,0,0,0,0,0,10,21.0903994393833,99.2992291520673,0,46065,3835,12.0117340286832
"179","52748",95.2,31.3,6.8,31287,10235,9904,170,0,0,0,0,161,3.05686370297997,96.7659990229604,1.6609672691744,424970,32408,13.1131202172303
"180","52040",91,22.3,1.6,31644,5749,5734,3,0,0,0,0,12,5.50426161071491,99.739085058271,0.0521829883457993,442772,38945,11.3691616382077
"181","52591",92.3,23,4.5,34583,3149,3028,1,7,34,7,29,43,10.982216576691,96.1575103207367,0.0317561130517625,116870,10184,11.475844461901
"182","51455",93,21.8,6.1,27875,2217,2183,2,0,16,0,0,16,12.5732972485341,98.4663960306721,0.09021199819576,96680,6956,13.8987924094307
"183","51108",83.5,19.9,1.6,31556,5931,5259,20,45,195,0,193,219,5.3205193053448,88.6697015680324,0.337211262856179,706569,53103,13.3056324501441
"184","52803",92.2,31.6,4.8,27448,22676,17778,3069,110,514,4,336,865,1.210442758864,78.4000705591815,13.5341330040572,816777,48075,16.9896411856474
"185","50851",86.8,10.9,3.9,30554,1987,1838,0,11,18,0,120,0,15.3769501761449,92.501258178158,0,45255,3594,12.5918196994992
"186","51023",84,19.5,6.2,28759,3157,2749,3,0,0,0,377,28,9.10959771935382,87.0763382958505,0.095026924295217,124931,10021,12.4669194691149
"187","50659",89.5,16.8,2.4,32493,5399,5286,57,7,31,0,12,6,6.01833672902389,97.9070198184849,1.05575106501204,211195,19315,10.9342479937872
"188","52401",87.5,18.3,6.7,20964,2122,1459,351,0,41,0,12,259,9.87935909519321,68.75589066918,16.5409990574929,2221927,119925,18.5276381071503
"189","52052",91.7,14.5,4.2,26695,3099,2996,6,3,23,0,0,71,8.61406905453372,96.676347208777,0.193610842207164,243653,18045,13.5025214740925
"190","50574",95.3,16.4,5.5,30556,2033,1985,38,0,0,0,0,10,15.0300049188392,97.6389572060994,1.86915887850467,176254,15962,11.0420999874702
"191","50644",92.4,21.5,2.1,31222,8828,8645,50,18,84,0,24,7,3.53670140462166,97.9270502945174,0.566379700951518,776095,58763,13.2072052141654
"192","52076",93.7,16.1,4,31895,2331,2327,2,0,0,0,0,2,13.6829686829687,99.8283998283998,0.0858000858000858,62209,5295,11.7486307837583
"193","50651",94.1,20.4,1.5,34924,3626,3603,0,5,9,0,0,9,9.6315499172642,99.3656922228351,0,123256,9327,13.2149672992388
"194","51103",75.1,8.9,9.2,25495,17688,13195,962,698,800,91,1249,693,1.44137268204432,74.5985979194934,5.43871551334238,1935660,111149,17.4150014844938
"195","52338",97.8,39.2,2.5,49082,3435,3243,0,4,153,0,0,35,14.2887918486172,94.410480349345,0,226650,9328,24.2978130360206
"196","50156",94.1,24.7,2.6,39421,4268,4216,0,7,0,0,8,37,9.23641049671978,98.7816307403936,0,78900,6355,12.4154209284028
"197","51230",96.5,5.3,1.4,26071,468,445,0,1,2,2,8,10,55.707264957265,95.0854700854701,0,153,13,11.7692307692308
"198","50517",97,16.8,2,28906,983,943,24,0,0,0,8,8,29.4059003051882,95.9308240081383,2.44150559511699,302605,20112,15.045992442323
"199","50569",84.2,9.4,9.7,26213,662,656,0,0,0,0,3,3,39.5966767371601,99.0936555891239,0,15996,1297,12.3330763299923
"200","51053",89,22.5,2.8,28705,1094,1039,0,0,0,4,40,11,26.2385740402194,94.9725776965265,0,8658,840,10.3071428571429
"201","50563",94.8,15,6.1,30288,2546,2453,7,4,2,0,12,68,11.8963079340141,96.3472113118617,0.274941084053417,132118,10538,12.5372936040994
"202","50163",96.9,17.5,5.5,32917,723,717,0,0,0,0,0,6,45.5283540802213,99.1701244813278,0,126549,8337,15.1792011514933
"203","52327",95.9,24,1.3,42767,3221,3179,3,0,24,0,0,15,13.2775535547966,98.6960571251164,0.0931387767773983,205329,12180,16.857881773399
"204","52361",91.5,21.8,1.1,30566,4478,4402,25,1,1,0,0,49,6.82581509602501,98.3028137561411,0.558284948637785,248882,19677,12.648371194796
"205","52317",96.8,48.9,0.6,41579,18435,16593,1070,0,433,0,63,276,2.25543802549498,90.0081366965012,5.80417683753729,1103682,71508,15.4343849639201
"206","52166",83.3,18.8,17.5,25313,125,125,0,0,0,0,0,0,202.504,100,0,63056,4402,14.3243980009087
"207","51034",87.5,19.3,4.2,27692,1852,1852,0,0,0,0,0,0,14.9524838012959,100,0,229663,16756,13.7063141561232
"208","52342",86.6,14.2,5.3,30963,3342,3215,26,22,11,6,31,31,9.26481149012567,96.1998803111909,0.777977259126272,454974,34774,13.0837407258296
"209","50201",94.5,27.8,4.1,36109,8432,8178,49,0,49,0,6,150,4.28237666034156,96.9876660341556,0.58111954459203,407842,32621,12.5024370804083
"210","52211",93.2,18.4,4.4,31851,2382,2364,0,0,0,0,0,18,13.3715365239295,99.2443324937028,0,112066,8302,13.4986750180679
"211","50247",92.9,21,2.3,32117,2199,2097,28,4,8,0,62,0,14.6052751250568,95.3615279672578,1.27330604820373,51555,4448,11.5906025179856
"212","52042",90.4,14,5.1,31667,1515,1437,2,0,20,0,1,55,20.9023102310231,94.8514851485149,0.132013201320132,43193,3578,12.0718278367803
"213","50585",94.1,18.7,1.2,30865,1152,1144,2,0,0,0,2,4,26.7925347222222,99.3055555555556,0.173611111111111,84300,7057,11.9455859430353
"214","50170",92.8,20.5,6.1,35527,2623,2588,0,0,7,0,0,28,13.5444147922226,98.6656500190621,0,61108,4837,12.6334504858383
"215","50849",92.4,17.3,2.1,31417,2556,2496,1,0,30,0,5,24,12.2914710485133,97.6525821596244,0.0391236306729265,135140,10874,12.4278094537429
"216","50122",89.7,21.2,3.4,37083,1462,1442,8,0,9,0,0,3,25.3645690834473,98.6320109439124,0.54719562243502,41272,4046,10.2006920415225
"217","52316",90.4,15.9,2.2,31680,1637,1600,0,0,0,0,0,37,19.3524740378742,97.7397678680513,0,46971,4913,9.56055363321799
"218","51101",77.9,3.4,27.2,16563,826,605,45,46,8,0,50,72,20.0520581113801,73.2445520581114,5.44794188861985,505121,27852,18.1358968835272
"219","51331",96.7,22.3,9.8,24632,1023,966,17,4,0,0,8,28,24.078201368524,94.4281524926686,1.66177908113392,403051,27152,14.8442472009428
"220","51579",92.4,21.2,3.4,32388,2395,2348,0,15,0,0,8,24,13.5231732776618,98.0375782881002,0,57198,4618,12.3858813339108
"221","52151",96.5,18.8,5.1,29913,1796,1757,2,3,15,0,0,19,16.6553452115813,97.8285077951002,0.111358574610245,104929,9105,11.5243272926963
"222","51241",89.3,27.2,2.9,35956,1658,1588,0,15,2,0,50,3,21.686369119421,95.7780458383595,0,216005,14131,15.2858962564574
"223","52161",90.8,15.8,1.8,30504,1536,1523,0,0,0,0,5,8,19.859375,99.1536458333333,0,34626,2612,13.2565084226646
"224","51004",92,14.3,3.4,29063,1114,1087,0,2,9,0,0,16,26.088868940754,97.5763016157989,0,103419,7005,14.7635974304069
"225","51534",93.6,27.7,3.3,35713,9430,9193,68,71,0,0,0,98,3.78716861081654,97.4867444326617,0.721102863202545,315366,24844,12.693849621639
"226","52772",93.8,16.8,5.1,34692,4791,4655,35,5,96,0,0,0,7.2410770194114,97.1613441870173,0.730536422458777,299399,24299,12.3214535577596
"227","50621",95.6,23.8,3.5,36250,1563,1560,0,0,3,0,0,0,23.19257837492,99.8080614203455,0,51340,4217,12.1745316575765
"228","50635",97.5,20.8,3.8,34261,1706,1679,21,4,0,0,0,2,20.0826494724502,98.4173505275498,1.23094958968347,33860,3247,10.4280874653526
"229","52208",89,17.4,4.2,30015,3098,3052,0,0,7,0,0,39,9.68850871530019,98.5151710781149,0,261209,19613,13.3181563248866
"230","52035",86.7,8.7,4.6,31996,1190,1182,2,0,0,0,0,6,26.8873949579832,99.327731092437,0.168067226890756,11777,988,11.92004048583
"231","51347",95.3,22.3,5.2,31536,1443,1428,0,0,2,0,1,12,21.8544698544699,98.960498960499,0,30636,2628,11.6575342465753
"232","52157",88.7,13.9,2.9,26250,1656,1605,2,21,9,0,0,19,15.8514492753623,96.9202898550725,0.120772946859903,16884,1135,14.8757709251101
"233","52162",77.1,11.7,4.5,28139,3375,3044,172,27,17,2,41,72,8.33748148148148,90.1925925925926,5.0962962962963,34262,3014,11.3676177836762
"234","51054",95.1,37.3,3.7,31297,5428,4941,2,76,136,0,7,266,5.76584377302874,91.0280029476787,0.0368459837877671,188072,14237,13.2100863946056
"235","52356",93.5,23.4,1.3,39806,2495,2396,20,0,8,0,5,66,15.9543086172345,96.0320641282565,0.801603206412826,84974,6474,13.1254247760272
"236","50135",92.9,12.9,4.9,30699,1770,1742,0,0,7,0,13,8,17.3440677966102,98.4180790960452,0,34523,2410,14.3248962655602
"237","50436",92.1,21.7,7.3,28580,5984,5630,89,3,111,0,18,133,4.77606951871658,94.0842245989305,1.48729946524064,516359,40535,12.7385962748242
"238","50248",92.8,33.7,3.3,35898,4506,4172,51,75,13,0,11,184,7.96671105193076,92.5876608965823,1.13182423435419,157223,13428,11.7085939827227
"239","50682",93.4,18.2,3.7,35947,1745,1691,0,0,15,0,0,39,20.6,96.9054441260745,0,71166,5253,13.5476870359794
"240","51461",92.4,14.9,5.9,31316,1026,950,1,10,16,0,4,45,30.5224171539961,92.5925925925926,0.0974658869395711,102784,7034,14.6124537958487
"241","50435",90.6,10.9,1.8,33140,702,689,0,0,4,2,0,7,47.2079772079772,98.1481481481482,0,136368,8977,15.1908209869667
"242","50046",96.2,36.3,2.6,41118,1401,1381,6,2,2,0,0,10,29.3490364025696,98.5724482512491,0.428265524625268,25233,1986,12.7054380664653
"243","50665",94.1,21.6,2.1,32500,3002,2880,20,15,64,0,11,12,10.8261159227182,95.9360426382412,0.666222518321119,108863,9398,11.5836348159183
"244","51450",91,19.7,4.5,31217,1393,1371,18,0,0,0,4,0,22.4099066762383,98.4206748025844,1.2921751615219,184162,14254,12.9200224498386
"245","52653",85.8,12.1,5.6,30081,3413,3342,11,1,4,13,36,6,8.8136536771169,97.9197187225315,0.322297099326106,95922,8001,11.9887514060742
"246","52333",98.7,45.1,2.7,47134,6629,6418,43,0,47,0,65,56,7.1102730426912,96.8170161411978,0.64866495700709,173260,12401,13.9714539150069
"247","52565",91.7,16,4.6,30807,1943,1914,13,7,0,0,0,9,15.8553782810087,98.5074626865672,0.669068450849202,155749,11001,14.1577129351877
"248","52730",93.2,16,4.8,31375,4888,4772,0,0,0,0,0,116,6.41878068739771,97.6268412438625,0,87183,6193,14.0776683352172
"249","50225",93.1,17.3,2.5,35931,2895,2776,0,12,41,0,4,62,12.4113989637306,95.8894645941278,0,62987,4656,13.5281357388316
"250","50111",98.1,48.8,3,47065,12346,11647,2,35,324,0,0,338,3.81216588368702,94.3382472055727,0.0161995788109509,1078963,75403,14.3092847764678
"251","52154",83.7,11.1,5.1,31938,796,796,0,0,0,0,0,0,40.1231155778895,100,0,69096,4557,15.1626069782752
"252","51555",91.4,16.8,3.1,33750,5113,4958,0,21,24,0,0,110,6.60082143555642,96.9685116370037,0,207186,15891,13.0379460071739
"253","50707",86.6,10.4,5.2,25639,8648,7226,705,43,0,0,299,375,2.96473172987974,83.5568917668825,8.15217391304348,533759,39365,13.5592277403785
"254","52233",94.2,28.1,4.5,31497,7038,5783,801,0,155,15,0,284,4.47527706734868,82.1682296106848,11.381074168798,256050,19206,13.331771321462
"255","50648",97.3,18.9,5.8,35071,4599,4514,9,0,0,0,15,61,7.62578821482931,98.1517721243749,0.195694716242661,80854,6567,12.3121668950815
"256","52358",94.7,31.5,3,35723,3638,3488,18,0,11,0,44,77,9.81940626717977,95.8768554150632,0.494777350192413,69530,5715,12.1662292213473
"257","52033",91.8,19.3,2.6,34167,2961,2949,12,0,0,0,0,0,11.5390070921986,99.5947315096251,0.405268490374873,131650,10067,13.0773815436575
"258","50006",91.1,15.2,3.2,31989,1524,1480,0,0,0,0,41,3,20.990157480315,97.1128608923885,0,93956,7037,13.3517123774336
"259","51046",93.6,17.7,7,32243,1690,1671,0,6,0,2,10,1,19.0786982248521,98.8757396449704,0,83760,7443,11.2535268037082
"260","50142",95.7,16.2,2.6,31467,988,919,14,0,6,0,13,36,31.8491902834008,93.0161943319838,1.417004048583,61304,4882,12.5571487095453
"261","51249",86.6,19.1,2.3,26910,3297,3123,6,0,21,0,111,36,8.16196542311192,94.722474977252,0.181983621474067,233323,18240,12.7918311403509
"262","52053",93.1,12.3,1.2,35550,1033,1027,0,0,0,0,0,6,34.4143272023233,99.4191674733785,0,83457,5712,14.6108193277311
"263","51109",79.7,9.9,2.1,26690,3107,2960,19,33,15,0,14,66,8.59028001287415,95.2687479884133,0.611522368844545,110357,8730,12.6411225658648
"264","52349",91.8,26.5,4.1,30789,7604,7501,25,0,32,0,0,46,4.04905312993161,98.6454497632825,0.328774329300368,303752,26113,11.6322138398499
"265","52571",94.4,15.2,4.4,29605,1632,1616,2,0,0,0,0,14,18.140318627451,99.0196078431373,0.122549019607843,55348,3519,15.7283319124751
"266","51041",95,36.7,1.5,22228,7593,6998,59,8,138,0,328,62,2.92743316212301,92.1638351112867,0.777031476359805,399051,29250,13.6427692307692
"267","50020",93.5,14.3,5.4,28375,1198,1195,0,0,0,0,3,0,23.6853088480801,99.7495826377295,0,69026,5717,12.0738149379045
"268","51358",91.8,23.6,1.7,29044,1103,1073,0,0,7,6,0,17,26.3318223028105,97.2801450589302,0,33856,3152,10.741116751269
"269","50450",89.8,21.3,7.1,31796,2646,2549,0,69,0,0,7,21,12.0166288737717,96.334089191232,0,111630,8907,12.5328393398451
"270","52248",92.8,21.5,6.2,26728,1874,1839,0,0,17,0,0,18,14.2625400213447,98.1323372465315,0,21500,2066,10.406582768635
"271","52753",97.7,37.1,7.9,44260,5505,5195,93,24,15,0,23,155,8.03996366939146,94.3687556766576,1.68937329700272,495528,24390,20.3168511685117
"272","52553",96.1,19.5,7.3,27209,1860,1807,0,0,3,0,0,50,14.6284946236559,97.1505376344086,0,30030,2162,13.8899167437558
"273","52224",95,20.8,5.6,32692,1852,1815,0,7,16,0,0,14,17.6522678185745,98.0021598272138,0,38410,2936,13.0824250681199
"274","52214",94.8,20.8,3.2,37744,3642,3584,26,0,29,0,3,0,10.3635365183965,98.4074684239429,0.71389346512905,74771,6082,12.2938178230845
"275","52637",96.6,26.1,1.6,37321,2409,2349,28,0,4,0,0,28,15.4923204649232,97.5093399750934,1.16230801162308,109155,7900,13.8170886075949
"276","51529",88.4,15.4,0.2,30101,1833,1795,0,12,10,0,0,16,16.4217130387343,97.9268957992362,0,123587,8332,14.83281325012
"277","50846",92.5,10,6.1,30532,1054,1049,0,0,1,0,0,4,28.9677419354839,99.5256166982922,0,54523,4433,12.2993458154748
"278","50028",93,19.3,5.1,37353,1499,1487,0,12,0,0,0,0,24.9186124082722,99.1994663108739,0,31418,2536,12.3888012618297
"279","50530",91.8,14.6,2.3,31989,1223,1197,0,3,0,0,4,19,26.1561733442355,97.8740801308258,0,58313,4233,13.7758091188283
"280","50864",90.5,17.7,4.3,25781,1950,1889,0,24,0,0,15,22,13.2210256410256,96.8717948717949,0,10869,873,12.4501718213058
"281","50249",92.4,18.4,4.9,33190,1154,1146,0,0,4,0,0,4,28.7608318890815,99.3067590987868,0,42077,3494,12.042644533486
"282","51240",89.9,24.9,0.4,29561,2180,2007,0,25,2,6,109,31,13.5600917431193,92.0642201834862,0,103173,7280,14.1721153846154
"283","51237",87.3,17.6,2.1,31404,1563,1523,0,0,3,0,28,9,20.0921305182342,97.4408189379399,0,37787,3171,11.9164301482182
"284","50162",96.4,18.5,3,31818,1297,1270,3,0,5,0,2,17,24.5319969159599,97.9182729375482,0.23130300693909,8616,731,11.7865937072503
"285","51535",90.5,21.4,6.3,26184,1910,1864,0,0,16,0,0,30,13.7089005235602,97.5916230366492,0,10945,1005,10.8905472636816
"286","52332",96.2,15.4,2.9,37471,2210,2141,15,0,0,0,0,54,16.9552036199095,96.8778280542986,0.678733031674208,82380,6571,12.5369045807335
"287","52726",92.3,30.6,1.4,45000,5300,5226,6,11,8,0,5,44,8.49056603773585,98.6037735849057,0.113207547169811,75133,6268,11.9867581365667
"288","52778",94,26.3,2.4,37535,4374,4337,7,0,0,0,4,26,8.58139003200732,99.1540923639689,0.160036579789666,77522,6693,11.5825489317197
"289","50226",98.6,44.8,2.2,52459,5919,5842,0,0,13,0,5,59,8.8628146646393,98.6991045784761,0,190399,13927,13.6712141882674
"290","52340",95.7,28.6,1.5,41105,2548,2244,38,0,31,0,129,106,16.1322605965463,88.0690737833595,1.49136577708006,69264,4949,13.9955546575066
"291","50210",91.8,16.8,2.3,40401,1633,1607,0,0,3,0,0,23,24.7403551745254,98.407838334354,0,31585,2322,13.6024978466839
"292","50075",89.6,29.7,0.9,31458,851,771,0,0,4,0,68,8,36.9659224441833,90.599294947121,0,50688,3908,12.9703172978506
"293","50669",97.4,20.7,6.1,39076,2593,2555,0,0,7,0,0,31,15.0698033166217,98.5345160046278,0,34098,2892,11.7904564315353
"294","50069",92.6,21.8,6,32273,1151,1119,0,0,2,0,0,30,28.0390964378801,97.2198088618593,0,73036,5463,13.3692110561962
"295","51559",96.6,20.8,2.3,34938,1642,1627,0,0,0,0,0,15,21.2777101096224,99.0864799025579,0,42487,3052,13.9210353866317
"296","50048",92.9,11.6,2.7,30705,784,764,0,0,0,0,0,20,39.1645408163265,97.4489795918367,0,25446,1678,15.1644815256257
"297","50002",96.5,17.1,5.5,32938,1364,1339,4,1,4,0,3,13,24.1480938416422,98.16715542522,0.293255131964809,43108,2755,15.6471869328494
"298","51577",93.4,15.7,3.4,31646,1210,1176,0,0,21,0,2,11,26.1537190082645,97.1900826446281,0,34582,2283,15.1476127901883
"299","50140",85.7,31.5,5.7,11190,3191,2874,162,34,16,14,20,71,3.50673769978063,90.0658100908806,5.0767784393607,71191,4868,14.6242810188989
"300","52213",95.7,24.1,2.4,36120,4019,3940,21,0,4,0,5,49,8.98731027618811,98.0343368997263,0.522518039313262,71366,6701,10.6500522310103
"301","52049",90.4,14.2,2.1,27219,1492,1479,2,1,0,0,0,10,18.2432975871314,99.1286863270778,0.134048257372654,6620,530,12.4905660377358
"302","51003",92.6,27.3,0.5,30345,1746,1632,9,0,6,0,79,20,17.3797250859107,93.4707903780069,0.515463917525773,78063,5970,13.0758793969849
"303","52324",97,13.6,2.5,41347,1871,1828,15,0,0,0,0,28,22.0988776055585,97.7017637626937,0.801710315339391,54675,3842,14.230869338886
"304","51055",96.3,23.8,2.6,31811,1578,1490,0,77,0,0,0,11,20.159062103929,94.4233206590621,0,71071,4949,14.3606789250354
"305","50324",94.5,47,6.4,37525,4980,4319,26,0,189,0,249,197,7.535140562249,86.7269076305221,0.522088353413655,58978,3941,14.9652372494291
"306","50424",92,26.3,3,31215,1414,1403,0,0,0,0,0,11,22.0756718528996,99.2220650636492,0,60520,5323,11.369528461394
"307","50438",96.1,27.1,0,32699,3964,3876,13,0,0,9,1,65,8.24899091826438,97.7800201816347,0.32795156407669,155221,13081,11.8661417322835
"308","50575",94.8,19.9,2.1,33846,1170,1128,27,5,0,0,0,10,28.9282051282051,96.4102564102564,2.30769230769231,4718,410,11.5073170731707
"309","52142",87.8,27,6.7,8244,1746,1470,125,0,79,0,28,44,4.72164948453608,84.192439862543,7.15922107674685,87150,6358,13.7071406102548
"310","50058",93.1,19.4,3.1,31714,2107,2084,0,9,0,0,0,14,15.0517323208353,98.9084005695301,0,62558,4663,13.4158267209951
"311","52776",78.8,17.5,5.6,30736,4701,3985,6,0,114,12,354,230,6.53818336524144,84.7691980429696,0.127632418634333,168690,10271,16.4239119852011
"312","51248",89.7,15.5,2.7,30975,1782,1721,10,0,0,0,33,18,17.3821548821549,96.5768799102132,0.561167227833894,65609,5609,11.6970939561419
"313","51355",99.2,48.6,5.5,27333,843,804,0,0,23,0,0,16,32.423487544484,95.373665480427,0,29233,2192,13.3362226277372
"314","51575",98.5,37.2,0.8,42417,1670,1660,0,0,0,0,5,5,25.3994011976048,99.4011976047904,0,25501,1903,13.4004203888597
"315","51551",94.1,19.8,3,40050,1642,1633,1,4,0,0,4,0,24.3909866017052,99.4518879415347,0.0609013398294762,30048,2183,13.7645442052222
"316","50071",92.3,15.5,5.5,26759,909,871,15,0,0,0,13,10,29.4378437843784,95.8195819581958,1.65016501650165,19936,1676,11.8949880668258
"317","50124",96,36,6.7,40875,3864,3800,19,0,45,0,0,0,10.5784161490683,98.343685300207,0.491718426501035,75758,5047,15.0105012878938
"318","50107",92.2,12,10.6,26607,1116,1109,0,0,1,0,0,6,23.8413978494624,99.3727598566308,0,20096,1535,13.0918566775244
"319","50076",89.1,10.1,4.9,27219,1591,1565,11,0,0,0,0,15,17.1081081081081,98.3658076681333,0.691389063482087,31792,2484,12.7987117552335
"320","50458",93.1,16.7,2.7,31138,2102,2055,10,0,0,0,2,35,14.81351094196,97.7640342530923,0.475737392959087,26940,2341,11.507902605724
"321","51001",88.2,16.4,3.3,29519,2397,2377,0,12,0,0,0,8,12.3149770546516,99.165623696287,0,31070,2495,12.4529058116232
"322","50541",93.9,14.6,6.3,31213,890,888,0,0,2,0,0,0,35.0707865168539,99.7752808988764,0,19495,1627,11.9821757836509
"323","52227",96.3,29.9,2.8,45085,3025,2931,5,0,18,0,7,64,14.904132231405,96.8925619834711,0.165289256198347,30647,2191,13.9876768598813
"324","50830",88.7,12.8,3.4,28611,1749,1730,2,6,7,0,0,4,16.3584905660377,98.9136649514008,0.114351057747284,31999,2394,13.3663324979114
"325","52069",90.6,13.5,2,30578,1637,1610,0,2,14,0,0,11,18.679291386683,98.3506414172266,0,10143,846,11.9893617021277
"326","50619",89,9.8,3.1,30407,2246,2223,10,0,0,0,0,13,13.5382902938557,98.9759572573464,0.445235975066785,40626,3454,11.7620150550087
"327","51462",93.6,13.6,8.5,26513,1005,976,0,0,5,0,0,24,26.3810945273632,97.1144278606965,0,20794,1530,13.5908496732026
"328","52037",94.3,19.6,3.3,32304,1118,1081,0,17,0,0,6,14,28.8944543828265,96.690518783542,0,11239,883,12.7281993204983
"329","51443",95.4,20.2,4.4,30185,1905,1883,17,5,0,0,0,0,15.8451443569554,98.8451443569554,0.89238845144357,28285,2130,13.2793427230047
"330","52352",86.6,17.4,2.3,40263,1668,1641,15,0,0,0,0,12,24.1384892086331,98.3812949640288,0.899280575539568,21135,1567,13.4875558391832
"331","50056",93.4,24.4,3.5,32994,1459,1428,0,0,5,0,17,9,22.614119259767,97.8752570253598,0,39066,3032,12.8845646437995
"332","52345",90.9,21.7,2,44048,1472,1436,30,2,0,0,0,4,29.9239130434783,97.554347826087,2.03804347826087,34925,2702,12.9256106587713
"333","52728",85.1,2.2,3.7,30889,1093,1070,5,12,0,0,2,4,28.2607502287283,97.8956999085087,0.457456541628545,33458,2563,13.0542333203277
"334","50475",91.3,14.8,5.8,30159,1885,1867,0,0,4,0,4,10,15.9994694960212,99.0450928381963,0,24107,2081,11.5843344545891
"335","52625",95,14.8,3.4,29895,2568,2544,14,0,0,0,0,10,11.6413551401869,99.0654205607477,0.545171339563863,20303,1334,15.21964017991
"336","50542",92,12.7,1.9,35645,862,860,0,0,2,0,0,0,41.3515081206497,99.7679814385151,0,20179,1732,11.6506928406467
"337","50675",93.3,23.8,4.2,33042,2381,2350,0,0,6,3,3,19,13.8773624527509,98.6980260394792,0,95442,8152,11.7078017664377
"338","52306",93.2,20.4,1,33333,1661,1656,0,0,0,0,0,5,20.0680313064419,99.6989765201686,0,28108,1970,14.2680203045685
"339","51027",93.8,19.3,1,29833,1144,1080,2,4,2,0,0,56,26.0777972027972,94.4055944055944,0.174825174825175,16087,1075,14.9646511627907
"340","52747",93.9,22.4,1.1,36496,2233,2177,0,8,5,0,0,43,16.3439319301388,97.4921630094044,0,69461,5948,11.6780430396772
"341","51058",94.7,15.9,1.6,31912,903,884,4,0,10,3,0,2,35.3399778516058,97.8959025470653,0.44296788482835,40862,3265,12.5151607963247
"342","50602",91.7,16.4,2.3,32098,1684,1594,9,0,66,0,0,15,19.0605700712589,94.6555819477435,0.534441805225653,75212,6695,11.2340552651232
"343","51640",92.4,22.7,3.1,27898,1552,1522,0,5,0,0,0,25,17.9755154639175,98.0670103092783,0,20466,1378,14.8519593613933
"344","50598",97.7,14.7,2,30134,826,807,12,5,0,0,2,0,36.4818401937046,97.6997578692494,1.45278450363196,13344,973,13.7142857142857
"345","50244",98.2,37.7,1.2,37135,1923,1909,0,7,0,0,0,7,19.3109724388976,99.2719708788352,0,43410,3189,13.6124176857949
"346","50276",86.2,20,3.3,35750,3151,2796,98,0,0,0,7,250,11.3456045699778,88.73373532212,3.11012377023167,28494,2194,12.9872379216044
"347","52626",89.4,12.9,3.4,30735,1591,1509,0,0,0,0,0,82,19.3180389692018,94.8460087994972,0,27643,1998,13.8353353353353
"348","52751",97.6,17.9,2.7,36375,924,916,1,0,0,0,0,7,39.3668831168831,99.1341991341991,0.108225108225108,37275,2967,12.5631951466127
"349","52046",95.1,15.5,3.7,34080,2149,2141,0,0,0,0,5,3,15.8585388552815,99.6277338296882,0,29061,2306,12.6023417172593
"350","51247",89.4,19.7,2.5,26852,5223,5112,23,17,32,0,23,16,5.14110664369136,97.874784606548,0.440359946390963,128708,9055,14.2140254003313
"351","51561",87.4,12.6,1.9,35474,1288,1241,19,4,9,0,0,15,27.5419254658385,96.3509316770186,1.47515527950311,95733,6414,14.9256314312442
"352","50540",89.2,15.8,3.4,27500,798,778,2,0,0,2,0,16,34.4611528822055,97.4937343358396,0.25062656641604,14929,1152,12.9592013888889
"353","50161",96.8,28.2,3.6,40822,1738,1708,0,0,21,0,0,9,23.487917146145,98.2738780207135,0,31442,2481,12.6731156791616
"354","50261",96.9,36.4,1.2,39846,2487,2443,0,0,15,18,0,11,16.021712907117,98.2308001608364,0,18148,1379,13.1602610587382
"355","50251",93.7,14.7,3.7,29091,1322,1212,27,0,0,0,0,83,22.0052950075643,91.679273827534,2.04236006051437,14403,969,14.8637770897833
"356","51510",90.2,17.4,8.7,31875,3765,3548,102,26,0,0,14,75,8.46613545816733,94.2363877822045,2.70916334661355,76234,5238,14.5540282550592
"357","50590",91.7,14.3,0.6,25739,920,860,0,19,12,0,16,13,27.9771739130435,93.4782608695652,0,47254,3862,12.2356292076644
"358","50130",95.7,29.3,0.6,40175,1661,1638,20,0,3,0,0,0,24.1872366044551,98.6152919927754,1.20409391932571,28802,2822,10.2062367115521
"359","50228",94.2,26.9,1.9,35200,2673,2611,9,0,3,20,2,28,13.1687242798354,97.6805087916199,0.336700336700337,22182,1913,11.5953998954522
"360","50680",94.9,20,5.4,35173,1357,1331,0,0,3,0,0,23,25.9196757553427,98.0840088430361,0,18058,1661,10.8717639975918
"361","52068",94.6,32.6,2.6,36960,4403,4215,95,1,14,0,0,78,8.39427662957075,95.7301839654781,2.15761980467863,32478,2221,14.6231427285007
"362","50033",90.5,0,3,28958,41,40,0,1,0,0,0,0,706.292682926829,97.5609756097561,0,36263,2593,13.9849595063633
"363","52207",96.8,18.4,2.4,32216,449,448,0,0,0,0,0,1,71.750556792873,99.7772828507795,0,28270,2285,12.3719912472648
"364","50035",94.3,35.2,1.3,43527,6562,6422,0,0,82,0,0,58,6.63319110027431,97.8665041145992,0,82743,5926,13.962706716166
"365","50628",83.4,11,5.3,27917,1346,1344,0,0,0,0,0,2,20.7407132243685,99.851411589896,0,75488,5982,12.6191909060515
"366","50643",98.7,32.4,4.5,41840,2573,2551,0,0,11,0,11,0,16.2611737271667,99.1449669646327,0,31974,2249,14.2169853268119
"367","50529",90.5,9.3,2.9,31250,707,705,0,0,0,0,0,2,44.2008486562942,99.7171145685997,0,12760,1195,10.6778242677824
"368","50535",93.1,16.9,4.6,29647,944,895,36,0,0,0,0,13,31.405720338983,94.8093220338983,3.8135593220339,19451,1409,13.8048261178141
"369","50658",94,17.5,6.2,29000,2371,2365,0,0,0,0,0,6,12.2311261071278,99.7469422184732,0,37382,3258,11.4739103744629
"370","50150",93.9,6.3,14.6,31875,928,900,0,0,0,0,28,0,34.3480603448276,96.9827586206897,0,7415,456,16.2609649122807
"371","50174",95,9,4.4,30338,1403,1382,4,0,0,0,0,17,21.623663578047,98.5032074126871,0.285103349964362,1572,117,13.4358974358974
"372","52253",92.7,29.7,4.2,38533,2961,2855,31,18,0,0,13,44,13.0135089496792,96.4201283350219,1.04694360013509,76510,6020,12.7093023255814
"373","50581",89.2,17.9,2.9,28333,952,915,0,0,0,0,30,7,29.7615546218487,96.1134453781513,0,21697,1470,14.7598639455782
"374","52146",89.3,16.9,4.9,24727,975,944,23,0,0,0,0,8,25.3610256410256,96.8205128205128,2.35897435897436,17293,1386,12.476911976912
"375","50072",95.3,28.4,1.7,37917,2468,2374,36,0,45,0,0,13,15.3634521880065,96.1912479740681,1.45867098865478,19367,1496,12.9458556149733
"376","50109",95.6,37.6,2,46100,2826,2779,7,1,0,0,35,4,16.3128096249115,98.3368719037509,0.247699929228592,25701,2226,11.5458221024259
"377","50240",96.7,25.6,5.8,36437,2875,2835,20,0,3,0,0,17,12.6737391304348,98.6086956521739,0.695652173913043,18797,1435,13.0989547038328
"378","52079",92.3,11.8,0,31681,865,858,0,0,0,0,0,7,36.6254335260116,99.1907514450867,0,24733,1659,14.9083785412899
"379","51342",91.4,23.8,1.6,31729,1200,1184,12,0,0,0,4,0,26.4408333333333,98.6666666666667,1,31845,2651,12.0124481327801
"380","52043",92.7,18.2,4.3,32731,2209,2185,14,0,4,0,0,6,14.817111815301,98.9135355364418,0.6337709370756,43094,3117,13.8254732114212
"381","52768",94,24.5,3.6,37138,1440,1367,0,0,0,0,5,68,25.7902777777778,94.9305555555556,0,16312,1407,11.5934612651031
"382","51005",93.3,16.8,4.2,36094,1365,1320,19,0,14,0,0,12,26.4424908424908,96.7032967032967,1.39194139194139,8467,652,12.9861963190184
"383","52336",93.6,18.8,4.5,37365,2154,2139,0,0,0,0,5,10,17.3467966573816,99.3036211699164,0,16463,1386,11.8780663780664
"384","50641",75.3,4.9,3.8,26105,1879,1860,2,12,0,0,0,5,13.8930282064928,98.9888238424694,0.106439595529537,25351,1709,14.8338209479228
"385","52554",85,10.8,10.1,28717,1277,1261,0,10,0,0,6,0,22.4878621769773,98.7470634299139,0,17846,1315,13.571102661597
"386","50160",93.2,9.7,7.2,31765,452,448,0,0,0,0,1,3,70.2765486725664,99.1150442477876,0,11368,712,15.9662921348315
"387","52777",91.3,11.6,3.1,31144,1323,1290,0,0,4,0,0,29,23.5404383975813,97.5056689342404,0,10657,820,12.9963414634146
"388","52254",89.7,12.2,0.9,28292,842,836,0,0,0,0,3,3,33.6009501187648,99.2874109263658,0,13371,1001,13.3576423576424
"389","51466",91.9,17,3.8,32356,1096,1096,0,0,0,0,0,0,29.521897810219,100,0,10416,842,12.3705463182898
"390","50327",91.5,34,2.1,40480,11156,10320,312,25,202,8,102,187,3.62854069558982,92.5062746504123,2.79670132664037,176469,12748,13.8428773140885
"391","51002",90.9,23.3,2.4,30258,2877,2680,17,0,26,1,108,45,10.5172054223149,93.1525895029545,0.590893291623219,8486,604,14.0496688741722
"392","51038",94.1,18,3.2,30237,1577,1502,0,0,3,16,42,14,19.1737476220672,95.2441344324667,0,6421,457,14.0503282275711
"393","52623",96.1,21.1,2.5,30246,2056,1989,18,0,2,0,0,47,14.7110894941634,96.7412451361868,0.875486381322957,5768,333,17.3213213213213
"394","52337",91.8,14.9,2.6,27414,718,710,0,1,3,0,0,4,38.1810584958217,98.8857938718663,0,15257,961,15.8761706555671
"395","50667",95.7,20.1,3.1,36736,829,799,0,0,0,0,0,30,44.313630880579,96.3811821471653,0,23165,1573,14.7266369993643
"396","51526",93.5,17.2,3.8,37981,1406,1395,0,0,0,0,0,11,27.0135135135135,99.2176386913229,0,10620,595,17.8487394957983
"397","50047",97.2,29.7,2.8,38850,5931,5714,0,24,44,0,0,149,6.55032878098128,96.3412577980104,0,84526,6396,13.2154471544715
"398","50452",84.4,20.4,3.4,26900,810,742,29,3,14,0,17,5,33.2098765432099,91.6049382716049,3.58024691358025,8285,675,12.2740740740741
"399","50123",95.6,13.6,1.5,31689,688,677,0,2,0,0,0,9,46.0595930232558,98.4011627906977,0,7652,603,12.6898839137645
"400","52639",92.8,11.3,5,28963,1898,1834,12,5,0,0,5,42,15.2597471022129,96.6280295047418,0.632244467860906,8196,580,14.1310344827586
"401","52228",97.2,34.4,2.8,49180,3292,3260,0,0,9,0,0,23,14.9392466585662,99.0279465370595,0,10798,772,13.9870466321244
"402","50207",94,19.8,4.5,31555,2466,2425,0,12,3,0,0,26,12.7960259529603,98.3373884833739,0,14368,964,14.9045643153527
"403","51238",93.9,15.6,1.7,33629,1132,1111,0,0,3,0,0,18,29.7075971731449,98.1448763250883,0,9148,582,15.7182130584192
"404","50456",89.2,12.7,5.1,22500,1888,1808,6,4,2,0,5,63,11.9173728813559,95.7627118644068,0.317796610169492,10904,711,15.3361462728551
"405","50430",89.5,22.2,4.1,30714,440,440,0,0,0,0,0,0,69.8045454545454,100,0,11037,798,13.8308270676692
"406","52801",79.5,28,4.1,26071,1015,735,246,0,0,0,6,28,25.6857142857143,72.4137931034483,24.2364532019704,5646,234,24.1282051282051
"407","52347",94.1,10.5,2.8,34329,1614,1591,6,3,0,0,0,14,21.2695167286245,98.5749690210657,0.371747211895911,12112,868,13.9539170506912
"408","52223",93.1,12.1,7.4,27955,1503,1501,0,0,0,0,2,0,18.5994677312043,99.8669328010645,0,2914,189,15.4179894179894
"409","51553",96.2,23.3,1.6,42036,1074,1069,0,5,0,0,0,0,39.1396648044693,99.5344506517691,0,6133,397,15.448362720403
"410","52351",99.6,34.2,2.3,48152,1410,1375,5,0,6,0,15,9,34.1503546099291,97.5177304964539,0.354609929078014,10129,648,15.6311728395062
"411","52328",98.5,55.1,3,51867,2895,2727,73,0,69,0,4,22,17.9160621761658,94.1968911917098,2.52158894645941,4371,234,18.6794871794872
"412","51453",92.6,22.5,3.2,30662,751,743,0,3,1,0,1,3,40.8282290279627,98.9347536617843,0,3527,226,15.6061946902655
"413","51570",90,16.2,2.3,27981,998,992,0,0,4,0,0,2,28.0370741482966,99.3987975951904,0,1350,95,14.2105263157895
"414","50634",92.8,13.9,3.5,32159,745,725,0,0,0,0,0,20,43.1664429530201,97.3154362416107,0,2150,147,14.6258503401361
"415","50237",96.2,20,4.7,40100,3413,3352,5,13,1,0,0,42,11.7491942572517,98.2127160855552,0.146498681511866,4273,235,18.1829787234043
"416","52590",79.7,7.9,4.2,23629,1234,1215,12,0,0,0,0,7,19.1482982171799,98.4602917341977,0.972447325769854,2764,180,15.3555555555556
"417","51653",90.2,26,1.8,34805,1585,1556,11,6,3,0,0,9,21.9589905362776,98.1703470031546,0.694006309148265,4588,210,21.847619047619
"418","50169",91.7,18.8,8,30664,3259,3011,162,31,8,0,0,47,9.40902117213869,92.3903037741639,4.97084995397361,5058,226,22.3805309734513
"419","50510",94.4,22.9,4.3,35313,1004,964,17,0,2,0,7,14,35.1723107569721,96.0159362549801,1.69322709163347,1710,88,19.4318181818182
"420","52206",94.6,28.4,1.6,46821,2298,2190,60,0,26,0,0,22,20.3746736292428,95.3002610966057,2.61096605744125,3360,206,16.3106796116505
"421","52202",96.2,19.7,4.5,35147,1011,996,0,0,0,0,0,15,34.7645895153314,98.5163204747775,0,667,40,16.675
"422","51573",92.5,22.2,4.4,32917,1175,1171,0,0,0,0,0,4,28.0144680851064,99.6595744680851,0,1160,70,16.5714285714286
"423","51061",95.9,20.7,3.7,31667,726,717,0,0,6,0,0,3,43.6184573002755,98.7603305785124,0,375,32,11.71875
"424","52346",95.7,18.7,3.7,31310,1210,1128,0,2,5,0,19,56,25.8760330578512,93.2231404958678,0,530,25,21.2
"425","50061",98.5,51.9,1.5,60156,1599,1562,0,0,30,0,0,7,37.6210131332083,97.6860537836148,0,14610,876,16.6780821917808
"426","51463",91.6,17.2,7.9,28631,657,656,1,0,0,0,0,0,43.5783866057839,99.8477929984779,0.15220700152207,216,4,54
